icao24,origin_country,velocity,geo_altitude
e49406,Brazil,145.6,3276.6
ab1644,United States,124.7,2057.4
80162d,India,209.05,11201.4
ac96b8,United States,273.68,10363.2
a2e5ec,United States,173.24,10477.5
aa56da,United States,184.57,11750.04
7c6b2f,Australia,82.03,563.88
7c6b2d,Australia,140.99,1805.94
408121,United Kingdom,234.75,9052.56
88044e,Thailand,224.51,8831.58
7c6b41,Australia,94.07,944.88
ade191,United States,62.25,525.78
801640,India,222.79,9509.76
801645,India,0.0,
ab6fdd,United States,148.12,4328.16
a3b87f,United States,231.76,9677.4
8a02ff,Indonesia,66.79,480.06
a73857,United States,114.96,792.48
880452,Thailand,252.49,11079.48
880451,Thailand,242.86,11292.84
a305fd,United States,199.93,10325.1
880455,Thailand,157.52,4122.42
aa56d8,United States,210.53,11247.12
4b1804,Switzerland,0.26,
a34e6a,United States,243.86,10363.2
aa56d4,United States,269.58,10728.96
880450,Thailand,224.35,8816.34
80163c,India,293.65,11071.86
4b1801,Switzerland,0.13,
7c6b31,Australia,273.17,11026.14
ab63b4,United States,94.72,3802.38
ac1c0b,United States,160.34,10340.34
a3b88e,United States,211.64,10668.0
880443,Thailand,220.35,11658.6
4952cb,Portugal,188.98,9403.08
7c6b37,Australia,163.66,3063.24
a58224,United States,272.14,8679.18
8a02ea,Indonesia,214.85,8656.32
a282e5,United States,0.06,
7c6b36,Australia,207.79,5935.98
a36898,United States,234.03,9182.1
a41ee6,United States,230.08,12085.32
ad3c16,United States,242.02,10995.66
a1c5f2,United States,22.71,114.3
7c6b0e,Australia,6.94,
7c6b0c,Australia,246.23,10302.24
a70b23,United States,212.21,13464.54
7c6b0b,Australia,209.71,11231.88
aaa6e4,United States,324.35,12199.62
abacb6,United States,271.92,11049.0
a1befc,United States,113.7,2004.06
a798ea,United States,31.98,685.8
80160e,India,3.86,
851914,Japan,0.0,
80160d,India,235.28,11742.42
aaa6dd,United States,247.0,10774.68
a21b44,United States,0.0,
a2221b,United States,44.54,381.0
aaf656,United States,206.85,12169.14
a305d8,United States,46.99,2971.8
aa56b6,United States,129.94,1996.44
aa56b8,United States,236.53,11628.12
a22e91,United States,47.18,541.02
a8e39a,United States,60.97,3238.5
ad5623,United States,182.12,3771.9
7c6b09,Australia,9.77,
801627,India,220.16,10538.46
c047d8,Canada,3.86,
801625,India,237.56,11132.82
ad5628,United States,203.33,4617.72
a1c5e0,United States,239.33,9197.34
ac2f5a,United States,181.47,5974.08
a48850,United States,231.55,6736.08
ad694c,United States,257.18,9166.86
a33b1e,United States,224.32,9966.96
a282c0,United States,71.74,1386.84
7c6b17,Australia,51.44,
4952ab,Portugal,127.42,2903.22
a6fe31,United States,64.92,1135.38
7c6b13,Australia,223.87,7467.6
e8023b,Chile,119.04,3451.86
acd3a4,United States,50.67,838.2
ab0356,United States,0.0,
a34280,United States,46.95,449.58
a2228b,United States,193.89,10904.22
aad012,United States,234.3,11391.9
ac232e,United States,281.14,12649.2
a45b82,United States,170.53,11490.96
8a02d4,Indonesia,175.35,6789.42
c822ed,New Zealand,98.02,4244.34
abacd2,United States,236.62,8999.22
e4943e,Brazil,232.33,12275.82
7c7268,Australia,59.7,1676.4
c822ec,New Zealand,113.32,3017.52
801685,India,198.14,5996.94
4bc8c8,Turkey,222.15,10744.2
ac1c3f,United States,42.73,320.04
ad3c1f,United States,192.61,7132.32
ab63db,United States,46.01,861.06
e49444,Brazil,223.48,12321.54
4bc8c5,Turkey,0.0,
a7b057,United States,209.15,9250.68
a45b78,United States,45.94,2232.66
abb3b6,United States,248.33,10576.56
e8024c,Chile,5.92,
4bc8d0,Turkey,4.63,
4952a8,Portugal,212.11,10073.64
80167e,India,136.38,1927.86
e8024a,Chile,99.2,3482.34
a4d82c,United States,42.97,693.42
abf008,United States,220.18,7360.92
4952a1,Portugal,242.46,10073.64
a3425f,United States,49.41,510.54
abb3be,United States,3.86,
a5f808,United States,9.77,
a7d69e,United States,64.52,990.6
ab63f3,United States,42.79,861.06
a7b049,United States,88.4,3665.22
e49450,Brazil,226.85,12024.36
801698,India,208.21,6316.98
e48120,Brazil,182.32,7376.16
a4d838,United States,0.64,
ac83d5,United States,221.27,9982.2
a58e1e,United States,215.24,11216.64
a558e7,United States,53.38,1615.44
a963f7,United States,253.56,9174.48
accccd,United States,82.61,2354.58
80164e,India,0.0,
a35592,United States,240.24,10972.8
ad5679,United States,183.69,5920.74
acdffc,United States,191.73,9105.9
47b217,Norway,280.49,11407.14
801659,India,287.38,9898.38
801661,India,206.91,10637.52
ac3688,United States,136.75,1927.86
801665,India,217.83,10706.1
ad9cd9,United States,57.62,281.94
e8026f,Chile,223.7,11300.46
8744d4,Japan,198.96,6431.28
a830fb,United States,33.1,15.24
e8026a,Chile,230.04,11102.34
a4ab14,United States,86.05,914.4
a3689e,United States,242.31,10911.84
a3556f,United States,195.67,4358.64
a950cb,United States,54.57,1303.02
ad4f86,United States,63.97,121.92
801673,India,193.73,4526.28
a88075,United States,195.15,4953.0
a53ee2,United States,203.21,9959.34
ad9139,United States,89.04,2727.96
0d0aca,Mexico,244.79,11612.88
adda1e,United States,242.09,9837.42
ae1456,United States,248.46,11300.46
c02e9b,Canada,48.38,-22.86
abad94,United States,218.19,7505.7
0d0acd,Mexico,222.67,11559.54
a69b92,United States,228.93,8023.86
e80211,Chile,159.34,3505.2
a02a0d,United States,30.56,426.72
e80210,Chile,82.7,1013.46
a7bbe9,United States,123.25,937.26
a71277,United States,125.64,7269.48
a127d3,United States,44.4,868.68
a94b4d,United States,240.82,10919.46
a94b4b,United States,234.18,10340.34
adda23,United States,242.45,9662.16
4b187d,Switzerland,225.3,11727.18
4bb5d6,Turkey,236.6,9875.52
accd69,United States,208.99,9273.54
4b1884,Switzerland,317.87,8694.42
a83e86,United States,234.5,9761.22
ac1afa,United States,237.24,11102.34
e8021c,Chile,261.38,10866.12
a03d22,United States,231.5,11483.34
a8f5be,United States,214.88,6743.7
0d11e4,Mexico,225.98,11353.8
a9653d,United States,0.0,
4bc8ce,Turkey,106.39,1089.66
4bc8cb,Turkey,200.39,5212.08
e8021e,Chile,238.53,11071.86
a8f5ba,United States,40.01,1066.8
e8021f,Chile,0.9,
e48be3,Brazil,237.37,10271.76
acd486,United States,209.61,6637.02
a94b2e,United States,207.71,10530.84
e80239,Chile,209.68,9639.3
a45b96,United States,211.23,10172.7
80169e,India,281.01,11140.44
a5470e,United States,42.82,1203.96
a3428e,United States,162.83,3208.02
861f66,Japan,307.36,12611.1
a8a87e,United States,10.8,
e80241,Chile,79.95,746.76
a8dbbd,United States,198.21,7261.86
ab6fa4,United States,51.79,1485.9
c07bc7,Canada,236.05,10690.86
a0dac5,United States,238.64,9471.66
a6eb1e,United States,233.74,9989.82
c0220d,Canada,231.67,10546.08
a7121b,United States,59.83,3215.64
a03143,United States,120.46,1463.04
a928f7,United States,75.05,419.1
a26a1d,United States,199.9,8793.48
a02a4f,United States,89.11,1546.86
a1a110,United States,0.0,
a33aa7,United States,216.37,5189.22
a52bfb,United States,237.16,12245.34
847c18,Japan,253.24,10988.04
a652e0,United States,83.16,3589.02
7c2eb1,Australia,46.37,281.94
ac2f18,United States,8.23,
a4c592,United States,222.04,10660.38
a114f4,United States,143.59,2735.58
a26a0d,United States,37.56,853.44
a71221,United States,133.76,1866.9
a8584a,United States,229.46,9654.54
a785cd,United States,61.58,1981.2
8851e1,Thailand,251.8,10988.04
a1ad44,United States,231.86,11201.4
46b828,Greece,249.63,11071.86
a83e49,United States,212.59,10622.28
c82439,New Zealand,53.15,68.58
a4ab89,United States,5.92,
ab1628,United States,217.75,9646.92
c02e92,Canada,206.3,5227.32
c02e94,Canada,198.85,9692.64
0d0ac7,Mexico,210.93,9486.9
aaf617,United States,213.82,10690.86
a0311d,United States,0.0,
a57b8b,United States,241.25,12092.94
0c4155,Dominican Republic,75.05,419.1
aa56f8,United States,217.66,10675.62
aa56f7,United States,191.8,11277.6
aadc04,United States,66.57,1653.54
a94b02,United States,213.62,5242.56
a08acb,United States,207.75,6096.0
a29748,United States,243.89,11696.7
a1775f,United States,199.1,11567.16
47b0e7,Norway,258.51,12108.18
c0488a,Canada,128.06,7680.96
a30736,United States,5.25,205.74
a8453e,United States,241.62,5501.64
e80204,Chile,1.03,
a2ba48,United States,93.63,883.92
758369,Philippines,227.76,10210.8
758366,Philippines,168.14,6446.52
aa441c,United States,268.13,10835.64
aa07f9,United States,247.85,10949.94
c0482a,Canada,236.16,10911.84
7c7cce,Australia,185.25,8427.72
a77412,United States,52.27,2141.22
a71dc2,United States,203.15,10683.24
a5ddb0,United States,81.36,1988.82
ad071d,United States,75.83,533.4
87455c,Japan,188.69,12123.42
8014b0,India,269.38,11041.38
a474d3,United States,40.3,777.24
a354da,United States,82.03,7696.2
a28473,United States,221.38,6926.58
ab774b,United States,74.37,167.64
c0481b,Canada,117.54,1280.16
c0481c,Canada,220.88,9906.0
a46de7,United States,56.47,510.54
ad0725,United States,247.92,10797.54
a2c118,United States,138.01,7818.12
8a0494,Indonesia,208.6,7040.88
8014ad,India,226.17,6926.58
a6b71a,United States,49.32,1287.78
ad67a4,United States,98.82,1158.24
a1b472,United States,2.12,708.66
861e9a,Japan,183.68,10096.5
c8111c,New Zealand,86.95,3200.4
a00929,United States,0.45,
accd13,United States,244.17,9624.06
7c362d,Australia,62.26,297.18
a3a4ed,United States,84.92,548.64
accd10,United States,205.29,8991.6
ad67bf,United States,55.68,259.08
e0b244,Argentina,180.74,5524.5
a091f3,United States,215.17,8404.86
e07585,Argentina,216.9,11490.96
e07583,Argentina,0.0,
ab5d4a,United States,109.59,2583.18
a64d51,United States,41.42,2034.54
a3ed7c,United States,153.69,3002.28
a2845b,United States,1.29,
a91700,United States,4.63,
c04850,Canada,121.22,5836.92
a1b449,United States,147.19,1409.7
a65454,United States,224.63,9502.14
7c3631,Australia,68.65,1310.64
7cf9c4,Australia,201.69,4945.38
84d28e,Japan,1.29,
a487cd,United States,12.37,259.08
aaf4c8,United States,225.32,10050.78
a70aa1,United States,219.64,9395.46
e07594,Argentina,68.03,114.3
a857c2,United States,236.58,9372.6
a6f28c,United States,224.16,5509.26
e49eeb,Brazil,226.6,12306.3
86d5c3,Japan,263.91,7360.92
e49eee,Brazil,6.17,
a2ba7e,United States,0.0,
e49eed,Brazil,87.2,1242.06
14fc06,Russian Federation,193.34,10454.64
ab14f5,United States,46.07,685.8
ac1ab8,United States,170.44,5257.8
e49ef4,Brazil,207.32,
85188c,Japan,115.83,1036.32
758339,Philippines,285.39,12252.96
758338,Philippines,174.36,2004.06
ac2dea,United States,201.63,5356.86
758337,Philippines,286.29,12496.8
a3b7cb,United States,62.26,15.24
a40d8d,United States,243.52,10386.06
49530d,Portugal,202.22,10515.6
e0b254,Argentina,267.46,11887.2
ac7115,United States,231.61,6408.42
e492aa,Brazil,219.96,12321.54
a3915a,United States,223.96,8816.34
adb7b8,United States,0.0,
84cb66,Japan,2.06,
758303,Philippines,245.73,11711.94
025414,Morocco,51.76,1866.9
a40d7a,United States,225.54,10294.62
a65408,United States,123.04,1036.32
861e92,Japan,201.08,11064.24
a594a9,United States,63.31,426.72
495306,Portugal,241.13,9669.78
495307,Portugal,224.01,9966.96
abc780,United States,201.32,11071.86
acba1b,United States,221.94,7292.34
a2cd7e,United States,45.57,335.28
a33afa,United States,208.96,9395.46
aaa79a,United States,90.78,3611.88
a4bdb9,United States,112.92,3756.66
ac21c1,United States,8.23,
e0b281,Argentina,206.56,11635.74
ace74e,United States,221.18,9852.66
a4d7e4,United States,273.01,7818.12
8014d8,India,233.18,8633.46
a39d95,United States,2.83,
abad6c,United States,214.51,10995.66
7c1c4b,Australia,59.16,
84cb5b,Japan,161.12,8496.3
7c1c4f,Australia,68.41,868.68
a33af8,United States,51.17,1981.2
8a03b2,Indonesia,231.7,11681.46
aa0909,United States,179.71,2910.84
a2f9c0,United States,61.2,2209.8
7c6a8c,Australia,67.09,563.88
8637be,Japan,52.78,822.96
408086,United Kingdom,220.13,10759.44
34310d,Spain,145.23,2964.18
a03cd4,United States,243.69,12656.82
408088,United Kingdom,269.88,12489.18
a94ae3,United States,206.98,5021.58
0d0b4b,Mexico,204.22,12138.66
acd2d3,United States,262.49,9806.94
a7c465,United States,38.83,1783.08
8a03a5,Indonesia,267.01,9799.32
a2f9b3,United States,149.93,2628.9
a6eadb,United States,41.72,259.08
a1bfb2,United States,242.55,9578.34
e4936a,Brazil,244.61,12641.58
a951d6,United States,188.86,3832.86
0d0b67,Mexico,207.15,12138.66
aa2a7f,United States,75.64,510.54
a35605,United States,151.41,3276.6
a21c16,United States,249.65,12321.54
c02cfc,Canada,189.1,10744.2
a88d6a,United States,283.97,14074.14
c87f14,New Zealand,69.85,
c87f11,New Zealand,58.71,
a1c6a8,United States,165.66,3657.6
3c5422,Germany,208.03,8161.02
a8e45c,United States,211.97,6202.68
a6eadd,United States,56.0,388.62
a11650,United States,34.14,251.46
a559c3,United States,113.7,1295.4
3c542a,Germany,225.44,9387.84
a28fb4,United States,207.19,11841.48
ad3b74,United States,57.42,800.1
c87f29,New Zealand,66.88,944.88
a3918f,United States,217.03,11216.64
a2491b,United States,74.02,2392.68
a59601,United States,263.06,10782.3
a7c484,United States,88.5,3246.12
c87f24,New Zealand,91.16,3848.1
c87f23,New Zealand,91.91,4838.7
3c5430,Germany,0.0,
471f55,Hungary,173.28,6057.9
a5df05,United States,54.96,929.64
408053,United Kingdom,150.25,2933.7
c07c7b,Canada,279.85,10515.6
a559d1,United States,176.46,13281.66
4248a7,United Kingdom,272.16,11849.1
a7b13b,United States,140.58,2750.82
a189f2,United States,98.02,647.7
3c542d,Germany,0.0,
abfb7c,United States,55.56,510.54
a831e5,United States,186.61,9342.12
a3a61a,United States,183.84,4892.04
7809d6,China,184.42,3802.38
a3696e,United States,229.68,9296.4
a88d47,United States,238.09,9944.1
a75a2d,United States,1.54,
a1acce,United States,243.97,10896.6
c0831e,Canada,50.79,1539.24
a95dd3,United States,0.0,
7c4956,Australia,3.6,
a0f65b,United States,69.45,2735.58
0d1202,Mexico,229.44,10386.06
a76d5a,United States,237.93,10088.88
a604f9,United States,30.36,22.86
a57af9,United States,63.73,396.24
aa2a54,United States,64.31,22.86
c87f41,New Zealand,0.0,
a7d751,United States,205.89,10957.56
a1bff9,United States,62.38,419.1
3c6712,Germany,290.39,11620.5
3c6711,Germany,291.15,12778.74
a40ca4,United States,68.29,304.8
471f38,Hungary,226.22,10683.24
a83dd0,United States,51.82,876.3
a0ef95,United States,180.06,6499.86
801611,India,260.34,12451.08
75839f,Philippines,225.61,7391.4
aaa710,United States,43.09,601.98
0d1218,Mexico,0.45,
a21c53,United States,208.3,10256.52
471f02,Hungary,222.44,8442.96
a030a8,United States,208.4,9951.72
5003f7,San Marino,211.61,7901.94
a8f728,United States,184.68,3741.42
c02cf1,Canada,231.2,9982.2
471f04,Hungary,0.0,
a65484,United States,184.79,4716.78
a88d72,United States,259.35,8717.28
0d120c,Mexico,211.16,12123.42
758384,Philippines,213.0,5654.04
a163c2,United States,99.71,1409.7
3c670b,Germany,276.22,11201.4
a426a5,United States,221.17,4404.36
3c670f,Germany,260.52,11879.58
a8943d,United States,0.0,
a6eacf,United States,236.21,9395.46
a90439,United States,36.01,121.92
a296e5,United States,45.18,2240.28
a08021,United States,267.44,10287.0
a9fd06,United States,46.84,1539.24
c81ce8,New Zealand,75.36,2529.84
0d121d,Mexico,222.71,11323.32
a63a83,United States,208.95,13685.52
c046f7,Canada,184.39,9250.68
7c4927,Australia,293.64,
3c671a,Germany,0.0,
a76134,United States,199.47,11841.48
0d1233,Mexico,262.37,12412.98
7c4921,Australia,232.58,10797.54
a2dfb2,United States,31.32,7.62
408092,United Kingdom,328.07,12298.68
a65490,United States,112.79,1447.8
c07e2c,Canada,0.0,
80174d,India,95.47,1059.18
80174b,India,3.6,
aa7a1f,United States,14.92,
ab9a10,United States,89.12,2141.22
abc7c6,United States,229.33,11170.92
a05801,United States,70.15,1592.58
ace7aa,United States,231.33,11887.2
a7cfb7,United States,4.89,
801767,India,209.4,8290.56
c07e42,Canada,28.01,297.18
c02ed9,Canada,265.59,12054.84
a1a0cb,United States,37.53,594.36
a533bd,United States,107.52,1882.14
ad9db0,United States,247.48,10340.34
a5cc37,United States,251.68,11170.92
abadc0,United States,205.9,11780.52
7c6c52,Australia,198.62,6690.36
c07e32,Canada,223.88,10043.16
c07e33,Canada,219.67,10614.66
aa44ad,United States,244.56,9928.86
a8592c,United States,46.24,274.32
abfd23,United States,183.52,3886.2
ac97e4,United States,245.75,11117.58
7c6c56,Australia,215.78,8923.02
aaa7ef,United States,224.02,11894.82
a40cd9,United States,228.33,11254.74
a030e9,United States,50.43,220.98
408228,United Kingdom,239.23,11140.44
abea11,United States,271.34,8755.38
a2dffe,United States,216.82,10660.38
801736,India,224.21,7269.48
a22358,United States,3.86,
a64ce6,United States,245.18,9380.22
ab9a32,United States,218.33,10607.04
abadd6,United States,171.05,2987.04
c0853f,Canada,238.11,10988.04
ad574f,United States,177.04,3368.04
a2e6dd,United States,40.7,617.22
a83f56,United States,151.13,3619.5
c07e62,Canada,193.26,11414.76
710411,Saudi Arabia,261.4,9563.1
abfd39,United States,206.81,8191.5
c08537,Canada,198.79,7696.2
a7e9e4,United States,272.93,11529.06
c08536,Canada,247.3,10942.32
c035bb,Canada,174.36,3802.38
a2d3b3,United States,0.0,
a7e9e7,United States,111.64,2255.52
a9ea96,United States,14.4,
a1a0a1,United States,259.03,11071.86
801746,India,197.72,11330.94
a40cc1,United States,50.0,2293.62
c821ba,New Zealand,55.96,60.96
a7130c,United States,191.41,4724.4
8a01af,Indonesia,228.46,10706.1
a2101f,United States,215.54,9357.36
a5cc3c,United States,184.42,7338.06
ace7bf,United States,109.37,1165.86
ac377b,United States,259.24,11628.12
e49329,Brazil,221.52,8930.64
0d10e3,Mexico,179.69,7635.24
a2107b,United States,212.92,11269.98
3c7879,Germany,229.85,10424.16
7cb036,Australia,48.16,952.5
3c4b34,Germany,303.49,10012.68
ad8aac,United States,47.16,434.34
3c4b32,Germany,295.3,11003.28
3c4b31,Germany,328.25,10157.46
7c10f2,Australia,197.24,13860.78
e49f5b,Brazil,197.25,12717.78
ad07eb,United States,54.53,15.24
ab9a4e,United States,45.48,716.28
acd4b6,United States,54.77,586.74
7cb023,Australia,20.35,152.4
ac245c,United States,219.54,9220.2
a4503d,United States,262.04,11612.88
a4bf41,United States,205.63,9387.84
a546c9,United States,225.64,10058.4
0d10f8,Mexico,96.21,922.02
a3a647,United States,269.96,10972.8
80179a,India,230.17,9852.66
7c6c97,Australia,8.23,
ab9a5b,United States,320.97,9982.2
a7b169,United States,199.65,12885.42
7c6c95,Australia,1.29,
aba1b2,United States,46.2,624.84
7c6c90,Australia,267.62,11155.68
3c4b2b,Germany,146.38,4815.84
3c4b2a,Germany,264.25,10241.28
7c6c99,Australia,241.3,11247.12
40825d,United Kingdom,207.35,11955.78
a3ecc9,United States,19.12,670.56
a5f953,United States,29.65,22.86
ae4a1f,United States,94.65,617.22
a85931,United States,5.14,
ab048d,United States,222.78,10507.98
0d10fd,Mexico,230.52,10645.14
a0808f,United States,185.1,5699.76
adf4c6,United States,54.74,1562.1
a05827,United States,169.1,3611.88
7c6c82,Australia,59.27,2034.54
4a2aac,Romania,238.92,10378.44
abb4ea,United States,1.54,
a40cfc,United States,0.77,
c821f8,New Zealand,130.19,5311.14
a9b4de,United States,216.6,10081.26
ac379a,United States,250.73,11422.38
ac0a75,United States,183.53,3733.8
ad5785,United States,213.75,5730.24
80177b,India,6.94,
80177e,India,152.86,4191.0
a5cc15,United States,244.59,10431.78
a008c5,United States,233.08,8488.68
a4bf67,United States,40.68,731.52
a4bf68,United States,270.42,12839.7
a5cc13,United States,230.54,10043.16
a5cc12,United States,245.16,10401.3
a5cc11,United States,219.5,10172.7
a3fffc,United States,224.79,11910.06
ad445b,United States,198.31,9083.04
e49f59,Brazil,230.51,12656.82
800463,India,253.08,9814.56
4cc27c,Iceland,218.44,11338.56
e49311,Brazil,236.38,12313.92
3c6571,Germany,208.64,10073.64
3443cc,Spain,16.46,
e49314,Brazil,134.2,2453.64
7c6c79,Australia,32.56,106.68
7c6c76,Australia,0.06,
7c49b7,Australia,69.76,1219.2
a39e0c,United States,208.13,10050.78
acc23f,United States,228.96,10812.78
ada5ed,United States,225.66,13281.66
758403,Philippines,216.86,6949.44
ada5ee,United States,242.35,10934.7
782079,China,242.82,9974.58
782078,China,233.32,9189.72
abb595,United States,0.0,
a7b0c4,United States,216.46,11430.0
4846e7,Kingdom of the Netherlands,5.92,
a30849,United States,209.44,12519.66
c0104f,Canada,131.59,2819.4
ac858a,United States,180.84,6492.24
a45091,United States,197.76,10751.82
acbb59,United States,42.2,1036.32
c01040,Canada,4.89,
a84699,United States,187.44,3421.38
a368b2,United States,56.92,541.02
ad8b61,United States,164.3,8907.78
a248da,United States,41.37,259.08
a03235,United States,224.3,9959.34
a903d4,United States,156.45,8839.2
a235b7,United States,187.2,4823.46
a14b1a,United States,187.73,11125.2
a27e12,United States,89.11,2446.02
80047c,India,241.62,10873.74
a15e22,United States,273.53,13487.4
0d10bc,Mexico,243.18,9761.22
0b2025,El Salvador,37.74,2651.76
a008ed,United States,246.65,8641.08
abb59e,United States,103.41,868.68
ade252,United States,2.83,
e48ac6,Brazil,52.38,1082.04
aba281,United States,267.73,9258.3
a8effc,United States,4.85,419.1
aa8164,United States,245.95,10972.8
a390ff,United States,146.92,1645.92
a10eba,United States,41.21,1379.22
78209e,China,62.35,601.98
a3b8e1,United States,233.07,10873.74
ad9274,United States,58.58,1348.74
a1ae05,United States,247.81,11300.46
7c49f9,Australia,130.18,5783.58
8016a3,India,15.62,10012.68
ad928b,United States,0.77,
4aca64,Sweden,254.68,13091.16
ad928e,United States,208.82,11277.6
4aca63,Sweden,216.95,12123.42
4aca66,Sweden,253.83,10980.42
a83335,United States,73.57,1371.6
a7133f,United States,5.14,
a102e2,United States,232.74,11841.48
aa7a61,United States,221.86,11193.78
7c6c27,Australia,1.03,
8016a4,India,200.14,7284.72
ab77b9,United States,86.05,1295.4
7c6c24,Australia,92.09,3870.96
c02f6a,Canada,235.39,11125.2
a2bb10,United States,202.88,11765.28
a7c3a2,United States,38.16,1165.86
a34ecc,United States,62.76,304.8
76b861,Singapore,62.01,472.44
a653f9,United States,164.55,3794.76
a69c6b,United States,157.19,13906.5
a89fda,United States,232.71,9806.94
a9af3e,United States,20.58,
adee9b,United States,129.64,2499.36
a7cfe3,United States,236.13,6187.44
a5d355,United States,39.16,358.14
a70c4f,United States,211.39,6987.54
a475a3,United States,232.13,10485.12
0a0078,Algeria,218.6,
abfd00,United States,0.0,
a41518,United States,0.06,
e48afd,Brazil,152.7,3154.68
a880b0,United States,242.94,10195.56
a248ee,United States,42.11,723.9
440356,Austria,91.68,1226.82
a520f8,United States,30.88,495.3
a1c869,United States,97.1,2659.38
471fa4,Hungary,111.23,716.28
ab77d5,United States,167.46,3985.26
aa31c2,United States,211.55,6057.9
a83f98,United States,255.98,11658.6
abc7a3,United States,233.78,7025.64
471fac,Hungary,248.54,11049.0
76b86d,Singapore,243.2,11719.56
a57078,United States,62.25,327.66
c81c2d,New Zealand,39.8,579.12
c07cf6,Canada,247.94,9166.86
c01c5b,Canada,94.56,4853.94
a6ff7f,United States,223.99,8877.3
c82322,New Zealand,33.85,358.14
a88ccf,United States,0.0,
ac3731,United States,144.45,1424.94
c0101a,Canada,189.03,3779.52
a27e53,United States,45.79,358.14
46b927,Greece,267.54,11071.86
4a08a5,Romania,250.6,11689.08
8015c1,India,96.76,571.5
781a1f,China,213.75,6896.1
a3a5eb,United States,22.64,
0d118f,Mexico,214.76,11330.94
a3a5ec,United States,79.65,830.58
ab15ba,United States,220.86,9906.0
ad4eb5,United States,269.27,9768.84
a2d583,United States,53.65,1341.12
a27275,United States,74.54,1059.18
ac7e1c,United States,232.41,10317.48
a4abc6,United States,35.22,251.46
a69bb1,United States,179.69,12031.98
8015c9,India,253.76,10325.1
8015c7,India,261.47,11026.14
a8de10,United States,243.6,11247.12
4080a2,United Kingdom,280.52,10393.68
47b1dc,Norway,256.36,10485.12
a69bbb,United States,193.44,10972.8
a582bb,United States,0.0,
a2d573,United States,122.45,2522.22
abae2c,United States,99.91,1234.44
873356,Japan,247.32,10523.22
a45bd7,United States,244.01,10812.78
8a0378,Indonesia,230.83,12009.12
8015cd,India,253.4,11026.14
a38b61,United States,242.62,7848.6
aa2b21,United States,233.87,9403.08
a39e7d,United States,190.03,3238.5
a2725d,United States,209.85,6248.4
a63b3c,United States,207.77,8282.94
a3db5e,United States,245.59,10279.38
a2e87e,United States,259.96,10279.38
7c2431,Australia,55.12,1043.94
aaa86a,United States,203.16,10104.12
abb534,United States,232.53,9144.0
aaa86c,United States,0.0,
a858f3,United States,218.92,9494.52
a0e2e5,United States,58.87,403.86
a4abe6,United States,44.67,716.28
aae2b1,United States,210.12,11125.2
8a0365,Indonesia,69.43,68.58
a475d8,United States,248.28,11140.44
8015a8,India,260.14,9898.38
ab5e6c,United States,245.61,11612.88
a39e6b,United States,223.33,5981.7
a63b49,United States,187.53,4838.7
a52258,United States,43.84,563.88
a88e2e,United States,225.55,10835.64
a69bdd,United States,70.39,1021.08
440304,Austria,230.07,9745.98
e0b109,Argentina,163.77,3474.72
a1fbd9,United States,0.0,
873378,Japan,248.82,6766.56
ad4eba,United States,66.31,198.12
8015ab,India,195.65,9494.52
aaa893,United States,221.75,11216.64
a70bc9,United States,193.72,5684.52
c8234a,New Zealand,232.89,11064.24
4a08e9,Romania,216.61,7452.36
ad8b1d,United States,96.67,777.24
885312,Thailand,197.76,4663.44
a0a7a0,United States,197.27,10607.04
c82379,New Zealand,154.97,5654.04
4080f1,United Kingdom,254.25,11010.9
aa9eb3,United States,226.36,9669.78
a057c7,United States,0.0,
0a0018,Algeria,219.97,10294.62
c06a9b,Canada,192.44,7132.32
0a0019,Algeria,249.09,10576.56
a6681d,United States,56.19,1744.98
a3b8f5,United States,0.32,
885307,Thailand,256.12,11277.6
abae62,United States,228.1,12016.74
885306,Thailand,77.66,716.28
a2c27e,United States,156.36,3657.6
885308,Thailand,231.19,10507.98
885301,Thailand,179.12,5250.18
0a0026,Algeria,259.67,11757.66
7c6af1,Australia,136.2,3002.28
758453,Philippines,95.14,1851.66
e491a1,Brazil,170.53,5227.32
05a0a6,Maldives,59.55,60.96
aae2d9,United States,253.35,10835.64
a0f70c,United States,208.53,11239.5
ac8577,United States,2.06,
a70092,United States,240.12,11590.02
acce3f,United States,145.0,3360.42
a057cc,United States,201.36,7802.88
7c0a70,Australia,49.14,320.04
7c6aea,Australia,101.15,3322.32
0ac3a8,Colombia,232.73,8039.1
c8236e,New Zealand,0.0,
abb54f,United States,204.85,12031.98
ab5e9b,United States,265.15,11178.54
7c6ae5,Australia,82.73,800.1
acc21f,United States,51.12,1386.84
3c4ad9,Germany,230.85,8260.08
4080bf,United Kingdom,269.9,10469.88
7c6ae3,Australia,11.32,76.2
a3a5cf,United States,154.2,5189.22
ac8583,United States,214.4,9791.7
ac8588,United States,185.46,6278.88
c02f21,Canada,215.88,8061.96
a95380,United States,49.94,2918.46
ac8587,United States,202.4,12481.56
a64e2a,United States,191.65,10911.84
4080bb,United Kingdom,191.3,5394.96
a52e54,United States,205.52,9936.48
75840d,Philippines,39.13,396.24
4080c2,United Kingdom,233.98,11430.0
0180a6,Libyan Arab Jamahiriya,230.19,10965.18
782183,China,206.4,5204.46
abb57a,United States,116.78,1767.84
8015f7,India,188.09,11353.8
ad9e73,United States,69.45,182.88
ac7262,United States,78.19,1249.68
abae8f,United States,0.0,
aa08a1,United States,66.44,2621.28
a64208,United States,80.76,739.14
88530b,Thailand,161.25,3467.1
88530a,Thailand,9.77,
4a08ea,Romania,228.89,11384.28
a1a286,United States,204.44,10309.86
4b15a2,Switzerland,230.58,11719.56
782191,China,218.17,9464.04
a89597,United States,239.82,8084.82
861ed6,Japan,73.85,533.4
a952e7,United States,77.86,1981.2
a22417,United States,168.63,6789.42
4bc859,Turkey,217.6,10119.36
a8de7d,United States,247.38,11574.78
4bc853,Turkey,205.92,9235.44
a1adab,United States,196.01,11094.72
a7627c,United States,265.27,12778.74
e49246,Brazil,233.65,7482.84
4bc84e,Turkey,3.75,9410.7
a94bfc,United States,252.1,10591.8
4bc85a,Turkey,310.12,11087.1
a94bff,United States,252.63,10637.52
0d111a,Mexico,203.33,7360.92
a0e431,United States,216.04,10675.62
a9fe88,United States,0.0,
861ebc,Japan,185.65,7810.5
a99b83,United States,248.89,11635.74
a0a7f0,United States,99.51,876.3
7103dc,Saudi Arabia,223.21,9349.74
a547b4,United States,60.02,2293.62
0d112e,Mexico,129.13,1691.64
a3a736,United States,55.8,1082.04
a8d224,United States,240.6,9479.28
0d1142,Mexico,86.39,2781.3
842250,Japan,153.53,4732.02
a1c7b8,United States,48.15,541.02
a87b8a,United States,205.08,5836.92
728683,Iraq,207.03,11369.04
adecf8,United States,143.73,7277.1
ad4390,United States,74.66,83.82
c08497,Canada,218.71,9608.82
ac1080,United States,45.47,685.8
0d1150,Mexico,36.26,2247.9
ac1076,United States,269.87,11666.22
861ede,Japan,87.2,655.32
c06a88,Canada,7.46,
0d1158,Mexico,213.11,10904.22
a35701,United States,180.33,8846.82
aa92f9,United States,191.98,5859.78
a031a2,United States,60.93,3429.0
c06a82,Canada,230.59,7078.98
7c6b99,Australia,48.38,335.28
4bc88c,Turkey,205.92,10180.32
4bc88d,Turkey,253.83,10439.4
aa2b79,United States,216.58,6408.42
a1f116,United States,3.6,
87339a,Japan,199.04,10294.62
a582f9,United States,225.6,12031.98
a21127,United States,199.49,10233.66
a9aebc,United States,230.99,10591.8
a965d6,United States,45.09,1508.76
a1a1b6,United States,67.75,205.74
a33d62,United States,203.45,9906.0
a51b93,United States,1.03,
a14ae0,United States,42.2,2011.68
a82bbd,United States,46.04,388.62
a4773f,United States,147.47,4991.1
a427e3,United States,148.3,4663.44
a9aec2,United States,0.06,
a89545,United States,181.94,6667.5
a10481,United States,68.33,1958.34
a1b4bb,United States,44.53,1386.84
0d0a04,Mexico,227.46,11475.72
a78890,United States,40.5,198.12
ac7e09,United States,235.03,9022.08
a39dca,United States,219.73,10081.26
a8d20c,United States,280.71,13030.2
abf086,United States,57.64,1211.58
c021a4,Canada,30.46,2125.98
a88e54,United States,207.88,8366.76
aa589c,United States,3.86,
a271b0,United States,0.0,
a5d2cd,United States,55.23,944.88
a2377d,United States,62.21,3116.58
a5cbf3,United States,10.29,
ac981a,United States,158.52,13853.16
a1b4ab,United States,197.98,6111.24
ac7e15,United States,224.12,10645.14
e4925f,Brazil,232.43,10287.0
ab6519,United States,187.21,5417.82
a031bd,United States,232.6,8564.88
841b28,Japan,77.02,853.44
abc80c,United States,209.14,10355.58
a8de33,United States,272.21,10043.16
7103d7,Saudi Arabia,242.48,12268.2
c07d88,Canada,50.97,1516.38
a8955e,United States,1.03,
a82bdb,United States,40.25,
c0712e,Canada,219.63,10424.16
ac48ac,United States,188.51,5334.0
aaeeb4,United States,219.85,10652.76
8518f2,Japan,177.83,7810.5
ac7e23,United States,194.1,12321.54
abb507,United States,73.5,190.5
ab6529,United States,146.94,8709.66
ac48d3,United States,200.69,8732.52
a3572c,United States,223.25,10584.18
e4926f,Brazil,105.96,1417.32
aaf5a9,United States,164.11,4053.84
a02af5,United States,75.67,1287.78
a19a48,United States,0.0,
4bc886,Turkey,264.84,10439.4
4bb563,Turkey,123.38,1805.94
4bc895,Turkey,276.09,11452.86
4bb562,Turkey,235.1,11430.0
4bc890,Turkey,210.69,9425.94
0d0a1a,Mexico,168.18,5440.68
8a0395,Indonesia,92.79,1059.18
aa9eef,United States,222.64,8473.44
a75b5e,United States,251.98,11026.14
ab15c2,United States,254.13,10203.18
aa3226,United States,219.67,9898.38
8a0394,Indonesia,234.0,11391.9
a14ad4,United States,244.13,10500.36
73806e,Israel,258.36,11155.68
a98909,United States,186.69,11856.72
73806c,Israel,167.84,2430.78
73806b,Israel,203.1,7124.7
452086,Bulgaria,235.94,10988.04
a6bfa6,United States,231.04,9989.82
a36661,United States,70.45,60.96
0d0e31,Mexico,200.71,12024.36
a2efec,United States,123.49,1623.06
a86925,United States,93.58,861.06
ac2d09,United States,189.3,4229.1
a46c1a,United States,42.36,327.66
a8918a,United States,58.24,1988.82
a72f22,United States,227.44,9662.16
0d0e38,Mexico,220.26,11605.26
c058b4,Canada,93.53,419.1
801883,India,0.0,
a59f53,United States,260.7,12039.6
a6d9c3,United States,63.79,144.78
c058ae,Canada,229.77,6926.58
a89192,United States,280.7,14775.18
a8690a,United States,227.11,9966.96
a35f5a,United States,60.19,701.04
a2467a,United States,222.73,9380.22
aa67c6,United States,218.74,8496.3
a5ef0e,United States,228.52,9936.48
a58c29,United States,272.55,9022.08
7c0ad8,Australia,59.16,1005.84
a1cffd,United States,206.32,7962.9
a36659,United States,221.9,11826.24
7cc427,Australia,28.96,144.78
aaed0c,United States,131.18,2019.3
aaed0d,United States,249.69,11765.28
c2c363,Canada,169.97,3398.52
a16ce9,United States,72.14,1417.32
a3fcd6,United States,72.55,60.96
7583de,Philippines,156.86,3779.52
a0b6ea,United States,203.85,9357.36
a5a6c1,United States,215.26,12580.62
738061,Israel,246.01,11262.36
c058d5,Canada,245.4,11201.4
a3795a,United States,0.0,
a28cd7,United States,47.04,289.56
738065,Israel,216.37,10462.26
738064,Israel,255.13,11391.9
ad4d12,United States,257.12,11612.88
0d0e4b,Mexico,220.36,12077.7
a8da73,United States,238.18,7216.14
c058cd,Canada,236.98,10401.3
ac2d32,United States,219.5,10599.42
ab0104,United States,229.33,11376.66
a1e9ea,United States,75.55,632.46
0d0e63,Mexico,165.79,10713.72
495cd0,Portugal,218.33,12252.96
7820bc,China,127.25,1950.72
a22003,United States,218.13,9593.58
0d0e69,Mexico,237.18,11155.68
738076,Israel,258.64,11696.7
800543,India,228.26,9845.04
a2597f,United States,246.72,11971.02
73806a,Israel,251.89,10782.3
4bb46f,Turkey,196.14,4869.18
a6fafb,United States,46.12,205.74
80057b,India,0.45,
86d996,Japan,270.41,12702.54
a90143,United States,49.94,563.88
151de6,Russian Federation,265.89,10355.58
c820ab,New Zealand,122.55,5417.82
c080dc,Canada,2.83,
3c4a12,Germany,271.1,11049.0
adb723,United States,169.85,3604.26
c080db,Canada,0.0,
3c4a10,Germany,250.48,10789.92
3c4a06,Germany,230.7,10355.58
3c4a05,Germany,270.24,10873.74
a721ff,United States,55.16,571.5
abd7d1,United States,137.31,2872.74
c820b6,New Zealand,141.48,3063.24
aa0701,United States,242.99,6880.86
a7ba4f,United States,75.89,2042.16
a1b0da,United States,132.48,12405.36
e49206,Brazil,229.2,6964.68
7c6d9f,Australia,233.21,12245.34
7c6d9e,Australia,229.75,12031.98
7c6d9d,Australia,222.63,10203.18
7c6d9c,Australia,10.29,
151dd0,Russian Federation,29.91,9098.28
7c6d9a,Australia,252.22,11772.9
a90133,United States,135.22,7239.0
a59f15,United States,0.0,
a8913b,United States,161.05,5981.7
151dd9,Russian Federation,146.6,1661.16
738054,Israel,231.77,10507.98
738053,Israel,258.04,10264.14
7c748c,Australia,77.29,1767.84
738051,Israel,256.19,10683.24
aae10c,United States,104.16,3977.64
ab0d76,United States,206.55,9890.76
86d96c,Japan,130.51,2865.12
738055,Israel,16.46,
44003f,Austria,252.55,10165.08
a423d7,United States,211.59,9349.74
7c6d8c,Australia,261.66,11826.24
adfdb4,United States,119.99,5524.5
aae122,United States,125.01,1630.68
70209a,Bangladesh,262.83,11681.46
0d0e14,Mexico,221.58,10805.16
a34c68,United States,226.48,10584.18
7583a8,Philippines,138.47,1988.82
a3534a,United States,248.03,10355.58
a689b8,United States,214.22,11353.8
87cc0b,Japan,167.63,3284.22
440081,Austria,317.02,11734.8
0bc201,Saint Vincent and the Grenadines,54.15,342.9
aaa4dc,United States,256.16,10477.5
a423c4,United States,87.97,944.88
a09075,United States,52.63,1958.34
7c6d7c,Australia,256.72,11109.96
ac1a44,United States,75.02,579.12
7c6d7b,Australia,0.06,
ad6758,United States,198.84,8145.78
ab5ade,United States,0.64,
a23378,United States,41.18,259.08
a46c2b,United States,85.12,3086.1
a556b4,United States,46.71,579.12
a34c57,United States,229.96,4846.32
7c6d7e,Australia,197.95,10820.4
7c6d96,Australia,144.21,1257.3
7583b7,Philippines,77.15,259.08
e80048,Chile,196.49,7078.98
ab013c,United States,218.83,10728.96
e80047,Chile,153.14,3581.4
7c6d92,Australia,227.11,11910.06
e80042,Chile,200.89,7216.14
7c6d90,Australia,102.7,1386.84
70209b,Bangladesh,327.59,12283.44
ad4105,United States,222.63,8785.86
a689c2,United States,8.23,
0d0e1e,Mexico,95.21,2247.9
0d0e1d,Mexico,233.88,9860.28
abc4d8,United States,207.27,10828.02
0d0e1f,Mexico,105.17,2979.42
a28e02,United States,122.53,4792.98
86d8cc,Japan,144.48,3802.38
a84343,United States,2.06,
a11eb4,United States,194.0,10408.92
a9764b,United States,12.86,
a11eb7,United States,0.0,
a0b81e,United States,135.5,952.5
440c5a,Austria,242.57,10066.02
440020,Austria,250.75,10919.46
a0b823,United States,203.88,9319.26
8675d8,Japan,173.09,7825.74
a650c7,United States,156.97,8999.22
a46c9a,United States,262.65,10393.68
ac2be9,United States,187.44,10988.04
a89ccc,United States,187.76,9243.06
8a064e,Indonesia,218.15,10744.2
a6f00d,United States,215.24,10637.52
a9c631,United States,211.99,7856.22
a0b826,United States,217.94,10713.72
c04671,Canada,235.73,11003.28
a59398,United States,232.08,9326.88
758531,Philippines,125.94,2202.18
accb22,United States,251.05,8343.9
a530f7,United States,56.03,1242.06
ab5b88,United States,64.32,2529.84
440002,Austria,254.89,10469.88
ae6ba1,United States,138.55,2788.92
78219a,China,297.22,11056.62
a5938c,United States,64.93,1661.16
c080a6,Canada,74.95,457.2
ac32cf,United States,197.8,12207.24
c080a4,Canada,242.56,9860.28
abc573,United States,202.05,10789.92
c080a5,Canada,72.54,1089.66
a0fea6,United States,243.55,10980.42
a6acdd,United States,50.48,464.82
a8697f,United States,58.28,525.78
a9bf4b,United States,220.41,9921.24
a18840,United States,223.14,11574.78
adc8e7,United States,2.31,
a0e086,United States,9.77,
8a063a,Indonesia,226.99,7665.72
a35398,United States,229.26,12283.44
758502,Philippines,176.9,5623.56
a8b964,United States,174.54,4229.1
a9d949,United States,64.51,1851.66
a95c20,United States,38.01,990.6
a280fe,United States,243.37,11148.06
a890c1,United States,288.41,12595.86
440036,Austria,70.93,137.16
8422f9,Japan,175.71,11590.02
a4b065,United States,73.57,411.48
846b6c,Japan,200.45,10363.2
c080d9,Canada,6.43,
a890b7,United States,114.75,1866.9
ac32f2,United States,113.98,944.88
a410d6,United States,202.3,13594.08
a1b0fb,United States,244.46,9997.44
adf219,United States,69.87,480.06
aa9d6e,United States,255.82,7970.52
0c4353,Dominican Republic,223.52,11551.92
a35383,United States,54.85,213.36
c080ae,Canada,185.57,6972.3
aa3ae4,United States,214.74,10538.46
c080aa,Canada,193.77,6187.44
aa3ae5,United States,207.38,8122.92
8a0634,Indonesia,242.22,11704.32
ab627c,United States,244.09,11468.1
8a0636,Indonesia,227.4,11361.42
a7d3d3,United States,252.64,12717.78
8a0637,Indonesia,223.17,8816.34
a47364,United States,169.46,5661.66
440030,Austria,196.55,8983.98
abc591,United States,133.78,3147.06
a8699a,United States,195.56,4594.86
a2d0d5,United States,56.75,1043.94
a1b0ef,United States,41.03,1440.18
accb50,United States,233.84,11811.0
44001e,Austria,11.32,
a35388,United States,3.6,
8a061c,Indonesia,238.49,11689.08
8a061d,Indonesia,233.32,12313.92
ada2cc,United States,113.56,1463.04
8960f6,United Arab Emirates,271.99,
a3183d,United States,76.65,297.18
e490f1,Brazil,185.96,7231.38
a4d65c,United States,120.45,3162.3
8960f7,United Arab Emirates,227.27,10713.72
a245af,United States,75.79,2293.62
7c6d2f,Australia,233.22,12473.94
acd262,United States,79.23,891.54
ab628c,United States,215.33,11391.9
ac8289,United States,55.14,-22.86
a5dc31,United States,233.94,11612.88
7c6d2a,Australia,3.09,
a0b867,United States,192.96,5699.76
abb271,United States,240.51,10904.22
8960ef,United Arab Emirates,228.79,8267.7
a245b7,United States,257.46,10340.34
a35ec2,United States,205.69,4846.32
a1be1d,United States,67.12,967.74
a0b86c,United States,80.25,952.5
accb65,United States,238.34,10218.42
0d0cdf,Mexico,229.25,12984.48
aa3ac2,United States,49.01,1310.64
a2de17,United States,223.2,6484.62
a3fcfb,United States,250.55,13342.62
7c6d30,Australia,208.8,10279.38
a005fc,United States,56.65,434.34
e490ee,Brazil,199.76,11521.44
8004a7,India,224.02,9845.04
a04e94,United States,59.37,838.2
a245c7,United States,30.35,175.26
aa8a26,United States,67.91,967.74
7c6d36,Australia,7.2,
a03b67,United States,0.0,
a4c34c,United States,230.48,10812.78
8017a0,India,215.01,9883.14
a0b846,United States,246.01,10515.6
a7ccb5,United States,158.75,10332.72
a0b841,United States,182.7,4351.02
7c6d27,Australia,255.42,12496.8
a5d007,United States,238.95,10843.26
a8b926,United States,10.29,975.36
7c6d24,Australia,219.12,7010.4
a97608,United States,207.78,10629.9
a0b849,United States,212.82,10660.38
a0b848,United States,210.02,9265.92
a6acc9,United States,49.0,2598.42
a1d825,United States,58.19,373.38
ad9b94,United States,0.06,
8960e7,United Arab Emirates,261.01,11711.94
aa8a07,United States,208.83,10599.42
a7f9f4,United States,179.58,4785.36
ab2729,United States,244.37,8976.36
a74992,United States,220.11,10111.74
8960dc,United Arab Emirates,268.31,9182.1
a1be10,United States,220.97,9898.38
a83c23,United States,283.08,13883.64
a73665,United States,176.12,3185.16
a9506e,United States,58.37,518.16
8003b2,India,120.84,2369.82
aa3b05,United States,271.18,10302.24
8016e0,India,282.57,11155.68
8003b0,India,278.57,10408.92
e4919e,Brazil,87.2,1844.04
151e8d,Russian Federation,210.75,10843.26
89611d,United Arab Emirates,164.75,4046.22
151e8f,Russian Federation,213.24,9745.98
ab7504,United States,40.41,1333.5
a748c2,United States,157.88,2987.04
a53207,United States,184.49,8671.56
a35efa,United States,191.62,3916.68
aa6842,United States,116.2,7734.3
a7e804,United States,54.06,426.72
89611e,United Arab Emirates,268.68,10652.76
70472a,Myanmar,117.57,3048.0
c04602,Canada,223.96,10576.56
a748bc,United States,247.17,11734.8
a1d87a,United States,5.4,
a1be72,United States,133.73,2667.0
a95094,United States,209.78,11049.0
7c72ac,Australia,70.52,1371.6
ada36a,United States,0.0,
a34bc8,United States,230.12,10538.46
405636,United Kingdom,65.4,121.92
a365cf,United States,64.82,1844.04
a40b12,United States,283.16,12458.7
a41e2c,United States,200.57,10584.18
a59ef0,United States,52.48,1257.3
4891b2,Poland,237.07,10812.78
758585,Philippines,30.46,91.44
aa909a,United States,269.18,11986.26
7c7ef0,Australia,97.33,5920.74
a5320b,United States,246.06,9624.06
aafead,United States,42.2,281.94
abc504,United States,252.49,11201.4
34558e,Spain,229.45,11414.76
34558f,Spain,221.79,10119.36
a4bbb3,United States,0.0,
4006c0,United Kingdom,108.55,906.78
ab8862,United States,250.9,9090.66
c8221a,New Zealand,213.5,7901.94
c8221c,New Zealand,82.0,1981.2
7c6bbe,Australia,268.95,12999.72
7c6bbd,Australia,8.23,
a59ef7,United States,5.14,
a7ce03,United States,42.92,1028.7
a10bf2,United States,58.24,2179.32
a365b7,United States,257.91,11430.0
a1889a,United States,48.37,899.16
8016bf,India,94.86,1402.08
a53e75,United States,34.2,388.62
a65e4e,United States,46.3,274.32
c82241,New Zealand,57.11,1036.32
a03b6d,United States,254.48,9593.58
896121,United Arab Emirates,252.82,10454.64
a615d0,United States,3.86,
a4d5cc,United States,46.25,1295.4
ac8e1d,United States,249.08,10317.48
89610f,United Arab Emirates,237.3,9471.66
406948,United Kingdom,233.85,11094.72
89610d,United Arab Emirates,149.95,3238.5
a6652b,United States,7.72,
a9c66a,United States,265.71,12169.14
a9768a,United States,0.0,
0c4349,Dominican Republic,202.26,4465.32
782277,China,257.22,7840.98
758562,Philippines,46.86,304.8
8003f2,India,211.16,8846.82
471d64,Hungary,183.78,7459.98
acf849,United States,0.0,
a95041,United States,150.35,3124.2
ac45ac,United States,220.97,8458.2
a41e94,United States,228.31,10591.8
151e67,Russian Federation,260.65,9662.16
acf846,United States,265.68,9570.72
ab6229,United States,213.52,11849.1
84715c,Japan,161.54,9006.84
a41e90,United States,76.84,30.48
c82269,New Zealand,156.79,4457.7
a1629d,United States,255.68,8077.2
78227c,China,60.54,327.66
3991e5,France,200.15,6713.22
a6fc8a,United States,70.07,1005.84
ac2bb6,United States,131.06,1996.44
471d5a,Hungary,234.62,9121.14
ac3ee9,United States,248.9,12138.66
ab6234,United States,36.44,152.4
782293,China,247.29,10561.32
aaa555,United States,13.89,
7c259e,Australia,51.76,297.18
a30596,United States,218.63,9448.8
484415,Kingdom of the Netherlands,266.34,10850.88
a3c8cb,United States,212.86,10492.74
ad185f,United States,240.83,9235.44
758543,Philippines,141.68,5143.5
abbe4a,United States,250.27,12420.6
ad9b28,United States,217.89,9296.4
05e057,Mauritania,220.62,8801.1
ac8217,United States,256.63,9753.6
ad52a3,United States,53.07,1074.42
a0428a,United States,222.09,10706.1
a1c57e,United States,4.37,
a27b85,United States,41.26,1280.16
7c125d,Australia,3.6,
abab21,United States,39.56,205.74
ad1861,United States,8.75,
c0817c,Canada,212.44,9677.4
a8e0a5,United States,215.9,10530.84
758538,Philippines,230.21,11269.98
e49ca9,Brazil,225.87,8717.28
7c6bf2,Australia,95.69,2522.22
ab6247,United States,65.84,1158.24
c08177,Canada,168.88,4282.44
abb222,United States,234.43,11308.08
a1be90,United States,40.21,556.26
a39b56,United States,192.71,11018.52
c82284,New Zealand,103.09,2362.2
c07a7c,Canada,163.49,3238.5
ab0bed,United States,43.85,952.5
a8304f,United States,209.36,10980.42
75853a,Philippines,203.62,8465.82
c1ea32,Canada,8.23,
c1ea31,Canada,9.77,
a7d3fe,United States,185.57,11140.44
a12731,United States,195.19,8458.2
a12732,United States,76.14,274.32
86d952,Japan,187.28,12070.08
a12735,United States,215.84,10119.36
abbce5,United States,188.89,5935.98
a9c5c5,United States,257.02,10553.7
ac8cf1,United States,249.24,10805.16
7584a9,Philippines,244.44,12504.42
a0b7b8,United States,213.13,10660.38
a0b7b7,United States,9.77,
7cb05e,Australia,147.08,7490.46
7cb05c,Australia,6.69,
a8e20f,United States,233.83,9837.42
a77e8f,United States,237.25,10287.0
801800,India,261.62,10302.24
a6657e,United States,0.0,
8a05e7,Indonesia,231.95,
aa9bfd,United States,49.91,647.7
ab0c7e,United States,70.51,701.04
7cb067,Australia,9.77,
7cb065,Australia,93.66,1082.04
3c6519,Germany,248.78,10744.2
ac2c79,United States,213.56,9410.7
a16db9,United States,241.85,10279.38
ad5329,United States,0.0,
a24720,United States,204.71,10401.3
ac3f9c,United States,210.77,9715.5
801805,India,6.43,
8a05cb,Indonesia,223.94,10713.72
a1272d,United States,261.19,10660.38
a067f1,United States,91.83,1767.84
a1272f,United States,81.08,464.82
a6c88e,United States,214.22,9890.76
a187ba,United States,198.28,9456.42
ac8ceb,United States,32.48,426.72
a0b7ae,United States,39.0,2590.8
a988f0,United States,250.26,11673.84
a067b4,United States,0.06,
89617d,United Arab Emirates,265.09,10439.4
aca99c,United States,199.37,9875.52
a12710,United States,201.66,11734.8
7cb059,Australia,138.75,6103.62
a12711,United States,4.63,
a12712,United States,0.0,
4a91af,Sweden,249.69,9730.74
7cb058,Australia,57.65,266.7
a8f529,United States,44.4,1699.26
adb669,United States,65.4,731.52
a8ee45,United States,32.62,99.06
896195,United Arab Emirates,268.98,
738102,Israel,274.5,9806.94
a842e7,United States,163.98,4229.1
896199,United Arab Emirates,96.21,853.44
896190,United Arab Emirates,279.64,11224.26
151dbe,Russian Federation,264.46,11170.92
a88b5a,United States,188.08,11094.72
738103,Israel,265.43,12367.26
896194,United Arab Emirates,230.66,10104.12
ac335b,United States,187.05,5532.12
4a3121,Romania,232.99,10165.08
7c6c9f,Australia,237.74,11353.8
adb653,United States,231.52,10416.54
8a05c4,Indonesia,243.33,11658.6
e4910b,Brazil,144.76,4800.6
adb656,United States,184.5,8587.74
8a05ac,Indonesia,4.37,
8a05ad,Indonesia,8.75,
c031c9,Canada,7.72,
a04db6,United States,56.65,1836.42
aa9bcb,United States,55.68,274.32
ad533d,United States,242.84,8252.46
3c15c1,Germany,315.11,11338.56
aa5567,United States,5.66,
a1270a,United States,238.85,10607.04
abc3ec,United States,251.64,11041.38
a1270b,United States,1.29,
a1270f,United States,193.6,11711.94
4a91b3,Sweden,238.62,10233.66
a7ce6c,United States,30.88,662.94
842388,Japan,322.45,11346.18
aa4e80,United States,162.09,3657.6
a8b8ba,United States,0.0,
a0b7f4,United States,64.94,830.58
a12778,United States,215.63,10218.42
aa687e,United States,83.11,1950.72
a65220,United States,226.8,11269.98
ac2c9c,United States,194.86,12275.82
a602ab,United States,83.53,1470.66
aa4230,United States,192.11,12031.98
a735d7,United States,224.71,7239.0
a437b5,United States,232.73,8702.04
a0b7df,United States,144.06,3398.52
a0b7de,United States,216.7,8321.04
a0b7dc,United States,206.14,9281.16
896179,United Arab Emirates,177.08,2407.92
a8b8d6,United States,96.63,1562.1
896177,United Arab Emirates,270.25,10401.3
a04dfa,United States,249.26,8458.2
80182f,India,186.76,5646.42
a0f428,United States,239.38,10972.8
a08a47,United States,82.52,3169.92
ac205f,United States,247.92,9875.52
aa05e7,United States,207.38,10111.74
a5f5bf,United States,234.8,11551.92
a0b7fa,United States,207.8,10599.42
a48713,United States,224.9,13959.84
a868cb,United States,0.39,
a1277a,United States,0.9,
801850,India,201.57,10111.74
896186,United Arab Emirates,280.04,10896.6
aab805,United States,100.18,4815.84
ab38a1,United States,198.71,10485.12
a5a888,United States,0.0,
a317ba,United States,217.64,8023.86
a91536,United States,217.7,8686.8
ad5398,United States,246.18,9776.46
c07a0f,Canada,223.98,12679.68
a12755,United States,143.42,3307.08
a7987c,United States,58.92,830.58
40690a,United Kingdom,215.97,11430.0
ac2082,United States,186.64,12169.14
a067ec,United States,199.61,11209.02
a0b7bd,United States,194.62,5867.4
a79898,United States,265.91,10416.54
a0b7ba,United States,247.33,10248.9
801822,India,163.67,3733.8
a54595,United States,50.48,487.68
a11420,United States,234.07,6957.06
80180e,India,282.18,11056.62
a842a9,United States,123.49,1943.1
a4c2f8,United States,248.89,10347.96
ae10bc,United States,233.12,9616.44
acd0ca,United States,232.84,10309.86
a08a1a,United States,225.91,9243.06
a868f7,United States,223.85,9585.96
acf8a6,United States,227.15,11620.5
a797b4,United States,133.68,2156.46
a2dddf,United States,48.91,1813.56
a57a07,United States,35.8,144.78
a08a85,United States,72.76,373.38
a9fb92,United States,212.16,5151.12
a46d47,United States,200.09,10363.2
a304d8,United States,181.72,9585.96
aa55b5,United States,229.89,9517.38
a22d7b,United States,245.21,11163.3
45217e,Bulgaria,3.09,
a0f46f,United States,248.0,11178.54
ab0e53,United States,214.92,10668.0
ab5bb1,United States,249.11,11551.92
a34119,United States,221.96,7383.78
a45a04,United States,258.81,13921.74
a2345d,United States,96.06,1158.24
a1aab8,United States,43.48,1165.86
a0079d,United States,0.0,
a12796,United States,217.66,10081.26
017073,Egypt,46.84,982.98
a12798,United States,235.86,9989.82
ac2e45,United States,40.34,167.64
ab0e4c,United States,243.66,11666.22
7584fc,Philippines,77.08,289.56
aa9e28,United States,256.62,11140.44
a294ca,United States,74.71,1432.56
0d0d38,Mexico,237.95,11064.24
a174f7,United States,5.92,
a71d34,United States,5.66,
a10d82,United States,245.73,10835.64
a0ed60,United States,42.78,1531.62
a1c4d8,United States,221.04,9387.84
a33a20,United States,143.62,2560.32
ad4e32,United States,0.06,
a0b7fe,United States,216.88,10622.28
a46d29,United States,234.88,10081.26
a0b7fb,United States,252.3,9692.64
a5dd1c,United States,0.0,
a65dbc,United States,48.18,594.36
ac1b21,United States,3.34,
0d0d41,Mexico,203.4,11376.66
a28de3,United States,217.11,10325.1
aaa5d4,United States,228.58,8724.9
7c7555,Australia,54.57,2042.16
aae20b,United States,229.23,11536.68
ab5bd4,United States,6.43,
a34d2f,United States,249.09,10340.34
ac486a,United States,256.31,11544.3
452164,Bulgaria,227.45,11894.82
8a03f4,Indonesia,236.64,12336.78
ab6efc,United States,244.53,9395.46
abbee3,United States,244.77,11292.84
ab75f9,United States,28.3,60.96
ab022f,United States,47.01,708.66
a411d3,United States,204.25,10462.26
aa308f,United States,64.87,4457.7
aa3091,United States,1.29,
ac2e74,United States,250.78,6088.38
a11fa3,United States,205.43,5105.4
a4bd02,United States,228.35,9349.74
a34d98,United States,119.16,899.16
a7bb77,United States,0.0,
ac4888,United States,236.24,11323.32
ac82b1,United States,46.83,297.18
452149,Bulgaria,260.94,9936.48
a9fb4e,United States,0.0,
ad6884,United States,257.8,10919.46
ad9bc8,United States,213.12,10675.62
a46d70,United States,240.58,9913.62
a1aaf6,United States,45.67,1196.34
a39ada,United States,222.73,10447.02
a2d1bc,United States,215.71,11414.76
a557c3,United States,242.29,11064.24
7584c8,Philippines,43.37,586.74
abb2b2,United States,8.23,
a9026b,United States,58.71,1744.98
aaa5ff,United States,12.35,
ac8efa,United States,162.2,4251.96
ada51e,United States,202.14,10721.34
a2348d,United States,108.87,2286.0
a1b1bc,United States,190.47,5128.26
a3411f,United States,3.09,
ab62f8,United States,240.29,8953.5
a4bd29,United States,142.44,4785.36
4a4eae,Romania,224.93,8717.28
a8e247,United States,186.61,5989.32
7584d7,Philippines,65.21,769.62
a23494,United States,199.39,11224.26
ace5bd,United States,243.42,11849.1
ace5bb,United States,6.94,
a27aee,United States,215.11,12192.0
aa305f,United States,241.84,9852.66
a9fb2e,United States,221.79,10675.62
ac20c4,United States,211.59,11925.3
471dbd,Hungary,3.86,
471dbe,Hungary,250.35,11582.4
a23fb2,United States,219.61,9966.96
ad40a5,United States,212.98,13708.38
aae0d3,United States,113.48,487.68
c01a61,Canada,222.64,7498.08
c02d99,Canada,243.39,12466.32
75862a,Philippines,63.78,342.9
a82a44,United States,89.81,480.06
aba00b,United States,42.33,1059.18
452119,Bulgaria,237.49,10111.74
a05648,United States,248.27,10073.64
44012f,Austria,263.73,10828.02
e49bd7,Brazil,190.03,11292.84
a3c9a1,United States,84.13,609.6
ab5056,United States,243.66,11475.72
a28f12,United States,203.23,5989.32
a34199,United States,126.93,2087.88
a8a785,United States,147.78,1767.84
a891a7,United States,219.45,10005.06
a3418e,United States,230.36,12809.22
c01a52,Canada,227.44,8648.7
a6b4f7,United States,152.8,2286.0
a126c3,United States,0.06,
a126c4,United States,218.65,8869.68
ad9010,United States,69.21,2545.08
ab5063,United States,152.5,5501.64
c02137,Canada,125.18,7825.74
ab6394,United States,253.79,10568.94
ad4cf2,United States,228.18,12138.66
758625,Philippines,60.51,350.52
758623,Philippines,55.56,1059.18
758622,Philippines,72.29,2354.58
c03493,Canada,218.34,9974.58
a03c06,United States,243.38,12862.56
a891e5,United States,68.4,76.2
ad40c7,United States,55.71,563.88
e49bae,Brazil,0.0,
49529a,Portugal,65.46,662.94
a05626,United States,267.62,10828.02
a3c9c5,United States,136.26,3581.4
acc02b,United States,270.35,12115.8
a9b402,United States,214.39,9273.54
a96436,United States,249.63,12153.9
4857b3,Kingdom of the Netherlands,0.0,30.48
c03487,Canada,251.22,10012.68
8a0517,Indonesia,219.34,
a70a79,United States,59.09,548.64
a3549d,United States,211.76,7581.9
a3ff26,United States,213.99,10652.76
471db5,Hungary,210.6,8420.1
a33a93,United States,11.32,
471db0,Hungary,211.92,10462.26
758626,Philippines,54.53,2034.54
a126ea,United States,265.73,11437.62
a16336,United States,75.02,1165.86
a126ec,United States,245.35,10629.9
ae60d3,United States,11.74,-7.62
c07aa4,Canada,222.26,9403.08
495293,Portugal,210.51,11803.38
a8eda9,United States,49.82,1394.46
a1b313,United States,93.77,1805.94
8a0509,Indonesia,241.95,11033.76
a23ff5,United States,39.22,853.44
884f01,Thailand,245.14,11010.9
a15c54,United States,203.28,11292.84
a84427,United States,75.47,998.22
a1b30d,United States,36.76,1325.88
a77de9,United States,0.0,
84d622,Japan,100.82,1661.16
aa55ee,United States,225.58,10645.14
ada3f2,United States,55.13,571.5
a41f37,United States,0.77,
ac705b,United States,254.21,12908.28
a6b4c3,United States,204.96,10622.28
a82a06,United States,240.66,4579.62
a4c45a,United States,216.05,10553.7
aa9e6d,United States,224.78,10591.8
ab2824,United States,169.85,6812.28
a03035,United States,193.07,11452.86
7c7534,Australia,123.32,5791.2
a7e7c1,United States,53.62,1973.58
acc040,United States,223.75,9296.4
a4c463,United States,56.47,975.36
aa8b40,United States,4.89,
49526a,Portugal,206.25,10515.6
495275,Portugal,188.59,6598.92
7c752f,Australia,0.77,
a379dd,United States,58.13,144.78
ab0e19,United States,116.41,6812.28
a09cfe,United States,109.86,1546.86
a31961,United States,269.73,11468.1
a664e8,United States,60.23,1043.94
a499c3,United States,71.3,472.44
aa9220,United States,204.82,10584.18
ad906f,United States,181.93,3924.3
a5e44c,United States,221.79,9525.0
a771af,United States,215.71,5486.4
a6178b,United States,51.55,670.56
ab282b,United States,199.26,6210.3
a379cd,United States,240.45,8938.26
a35fc2,United States,132.42,1485.9
151e07,Russian Federation,0.51,
4bb2a2,Turkey,211.36,10843.26
a85762,United States,8.75,
ab6eb9,United States,161.22,4015.74
a784d5,United States,220.28,10553.7
ae1388,United States,111.43,6858.0
a651e1,United States,219.35,10309.86
c0475f,Canada,134.42,2895.6
a4c492,United States,252.79,11018.52
a83108,United States,254.99,10957.56
a15c43,United States,181.4,4648.2
846020,Japan,182.46,11384.28
a1d93b,United States,239.94,12123.42
aa4ee9,United States,245.55,8450.58
a0566a,United States,243.75,10561.32
4bb2a9,Turkey,215.12,6522.72
a0433b,United States,0.0,
a39017,United States,243.16,9738.36
ab7627,United States,7.72,
a28365,United States,2.83,
ad1927,United States,5.4,
a77f2d,United States,180.68,5417.82
a80933,United States,58.44,2979.42
78101c,China,248.68,9966.96
4007ec,United Kingdom,245.85,10447.02
151d88,Russian Federation,241.32,12374.88
aa9ca8,United States,180.8,5318.76
ab39f8,United States,57.37,1615.44
abbf11,United States,215.59,13296.9
a233e7,United States,232.13,10668.0
aaa621,United States,250.47,11711.94
85e27c,Japan,171.95,11498.58
a989ad,United States,67.19,1165.86
4007f9,United Kingdom,260.83,10614.66
4bb1e7,Turkey,217.23,12009.12
4bb1e2,Turkey,296.08,11689.08
4007f3,United Kingdom,232.84,11308.08
a29680,United States,254.12,9258.3
a1c66a,United States,209.54,10949.94
a353c6,United States,4.63,
a46cc1,United States,219.46,10157.46
8004df,India,269.96,9067.8
151d77,Russian Federation,257.07,11140.44
4007f2,United Kingdom,271.9,10195.56
4007f1,United Kingdom,136.26,1600.2
a603a2,United States,42.37,2362.2
a3e011,United States,192.9,3840.48
a47fde,United States,220.65,12275.82
a7e93b,United States,258.23,10911.84
a233d0,United States,0.0,
ac46c3,United States,195.42,7924.8
89621a,United Arab Emirates,115.04,1074.42
ab6316,United States,212.65,6256.02
4baac7,Turkey,230.68,11033.76
aaffcd,United States,222.67,13296.9
7c6ce6,Australia,161.06,4381.5
a03c7e,United States,0.06,
a28347,United States,0.0,
a2e646,United States,4.12,
0d0ba1,Mexico,85.32,2232.66
ad79e8,United States,85.66,655.32
0d0ba3,Mexico,241.34,12214.86
a52c4f,United States,237.54,9067.8
7105ae,Saudi Arabia,220.97,10629.9
8017f2,India,5.66,
8017f3,India,262.74,11506.2
7c0c45,Australia,69.36,342.9
a28336,United States,191.84,10447.02
a30657,United States,247.41,11239.5
a1c64e,United States,80.25,1135.38
c8210d,New Zealand,240.96,11231.88
a3ec78,United States,77.15,1348.74
a28f80,United States,7.46,
ab1ffe,United States,224.71,10690.86
c04738,Canada,224.55,10005.06
48455e,Kingdom of the Netherlands,265.4,10919.46
e4a3fa,Brazil,190.13,12900.66
abc649,United States,1.8,
ad79eb,United States,235.7,9654.54
a67928,United States,6.94,
a5d192,United States,48.88,670.56
aa19c8,United States,245.41,7856.22
78105a,China,137.14,2339.34
a53f20,United States,215.49,7604.76
c07b8c,Canada,225.9,10530.84
896209,United Arab Emirates,242.33,6797.04
ace636,United States,143.86,3665.22
a3904c,United States,7.2,
a39c8c,United States,46.86,1539.24
a3b6b6,United States,49.96,1371.6
a4b19c,United States,0.0,
abac24,United States,1.54,1684.02
aaa668,United States,9.77,
884215,Thailand,227.69,9311.64
ace60c,United States,5.4,
ac33c4,United States,211.36,11841.48
ad79df,United States,34.34,266.7
760993,Pakistan,134.19,2461.26
a60fb6,United States,80.11,510.54
896215,United Arab Emirates,214.53,8450.58
896219,United Arab Emirates,226.95,8069.58
adafb5,United States,244.61,10850.88
ab766a,United States,234.27,11308.08
85db54,Japan,278.04,11163.3
ace621,United States,106.45,1699.26
ab5c69,United States,72.21,91.44
a82a75,United States,214.52,10081.26
a4cfb7,United States,214.15,11292.84
345686,Spain,237.24,10439.4
ac20a1,United States,201.41,11841.48
7380c2,Israel,270.43,11536.68
7380c0,Israel,250.1,10858.5
ac832e,United States,44.39,114.3
7380c6,Israel,272.38,10782.3
abac50,United States,218.98,11811.0
760982,Pakistan,246.95,11010.9
a3afe8,United States,1.29,
7380c8,Israel,245.31,10248.9
7380c7,Israel,245.99,9639.3
a9b43f,United States,189.03,3360.42
a1ac91,United States,131.03,4244.34
a4000f,United States,233.25,10546.08
a2d359,United States,191.19,7650.48
a233fc,United States,71.32,
a2df8f,United States,54.58,1684.02
ac2ce9,United States,136.12,2141.22
ad1986,United States,213.06,11247.12
ab5031,United States,43.07,1402.08
781095,China,225.96,12237.72
a9b445,United States,174.45,12367.26
344345,Spain,212.04,4762.5
abac48,United States,199.32,10447.02
a95d96,United States,147.16,2811.78
ab5c85,United States,44.86,998.22
ab635d,United States,266.66,9212.58
78108b,China,193.59,5509.26
a46ce1,United States,153.33,2255.52
7380ca,Israel,272.5,11170.92
adec02,United States,62.19,716.28
ad5fef,United States,215.85,7452.36
aaa68a,United States,0.06,
acf975,United States,251.06,10828.02
ac7c67,United States,230.03,10888.98
ac33e2,United States,7.46,
7c269d,Australia,59.22,1043.94
c81a91,New Zealand,112.5,5402.58
ac212d,United States,213.57,10287.0
ad9ac9,United States,191.68,10317.48
aada4d,United States,6.94,
a90341,United States,185.85,11879.58
abb1c2,United States,83.55,518.16
a34e01,United States,214.3,10820.4
7608f9,Pakistan,263.16,10447.02
accac7,United States,199.04,11216.64
a7869b,United States,200.24,7437.12
acddf8,United States,41.16,
a5d0be,United States,133.9,3535.68
ad5460,United States,6.43,
a04edb,United States,127.79,1356.36
a6f0c7,United States,47.43,236.22
846adc,Japan,180.09,10797.54
a76c79,United States,189.83,9098.28
a3e07a,United States,231.64,8793.48
aaf482,United States,44.18,464.82
440bcf,Austria,241.31,11010.9
a10e46,United States,210.06,11376.66
ab148b,United States,187.12,10972.8
a6a354,United States,93.01,861.06
a9accd,United States,186.71,8442.96
8a04ae,Indonesia,224.87,11338.56
7c2605,Australia,67.66,419.1
84bac2,Japan,139.96,2689.86
ac3477,United States,135.57,2613.66
a16ebc,United States,239.43,11772.9
4ca9bc,Ireland,46.3,
a7d665,United States,197.14,8869.68
ad4d5a,United States,46.25,998.22
0d0c93,Mexico,253.33,11056.62
abfa65,United States,232.11,7482.84
4ca9a9,Ireland,0.19,
48ef33,Poland,180.76,3558.54
adb782,United States,1.54,
c08268,Canada,163.76,4937.76
a9d9f7,United States,297.03,8785.86
a6a382,United States,155.17,2941.32
ab149c,United States,222.21,9136.38
a9d9f2,United States,195.07,10279.38
ac2154,United States,249.3,11216.64
a40060,United States,26.76,685.8
7585a1,Philippines,191.92,5981.7
a40c9a,United States,66.01,381.0
abfa4d,United States,57.17,1554.48
344304,Spain,207.88,9624.06
344305,Spain,4.63,
abaadd,United States,78.71,342.9
aa435b,United States,1.8,
ad5480,United States,0.0,
a52099,United States,59.13,1280.16
8a04a6,Indonesia,228.53,12016.74
87cd05,Japan,152.78,8976.36
a9acb8,United States,5.92,
a3a503,United States,251.73,10340.34
a10e23,United States,248.77,12176.76
a9acaf,United States,58.67,
a3a509,United States,198.33,9593.58
a9033e,United States,156.97,10683.24
7585b3,Philippines,175.71,3444.24
840a7c,Japan,156.03,3467.1
a09e47,United States,101.35,1127.76
a8dc45,United States,249.92,11559.54
a7d62e,United States,220.97,5875.02
a6a325,United States,70.91,1447.8
c07b0a,Canada,222.52,10896.6
a976c7,United States,197.86,7901.94
a1fb0f,United States,45.33,960.12
a2ded1,United States,51.29,1981.2
a28ef3,United States,57.95,685.8
4bb324,Turkey,223.08,10203.18
c032a2,Canada,102.48,3604.26
a1fb1a,United States,63.53,396.24
a34209,United States,273.06,10546.08
a0b8fb,United States,223.39,9159.24
a1abc1,United States,77.52,350.52
a9d9ba,United States,34.47,777.24
a34201,United States,222.06,10965.18
ad3a5f,United States,282.75,12428.22
a318ea,United States,246.21,10568.94
a295c9,United States,197.5,7665.72
7c7fe6,Australia,103.44,3878.58
a0f566,United States,225.95,8107.68
a042db,United States,0.0,
a5468e,United States,225.93,11239.5
a5dcde,United States,206.62,8702.04
a736e5,United States,25.84,243.84
a7cf40,United States,231.5,10904.22
a1c5c8,United States,73.85,1866.9
a28ee7,United States,188.75,4884.42
a1bee0,United States,185.29,11201.4
a175ee,United States,60.54,259.08
a305aa,United States,2.06,
ad4d9e,United States,51.35,1203.96
a91616,United States,48.36,
a4009e,United States,214.86,11849.1
781001,China,89.27,899.16
a976a5,United States,189.95,11430.0
7c6ca6,Australia,5.92,
a305a0,United States,48.49,403.86
7c6ca1,Australia,239.68,11323.32
a6a33f,United States,0.0,
abfa8e,United States,255.89,10218.42
acf906,United States,245.99,10919.46
e49c5a,Brazil,3.34,
c0821d,Canada,41.16,838.2
aa5657,United States,0.0,
a16ee0,United States,66.37,121.92
a4008e,United States,274.69,10568.94
a7e984,United States,138.54,2004.06
ac218f,United States,58.24,1402.08
c08219,Canada,53.59,982.98
aa4322,United States,197.6,11239.5
a09239,United States,186.91,6172.2
a80993,United States,78.24,3261.36
c07b39,Canada,223.47,8054.34
a89f62,United States,228.31,8945.88
a96fd8,United States,52.0,1958.34
a5cf89,United States,42.56,1722.12
4841ad,Kingdom of the Netherlands,227.62,11490.96
a5cf82,United States,224.66,9105.9
ac5ab7,United States,232.55,8877.3
a260ed,United States,245.75,6918.96
abe101,United States,240.75,6995.16
a5d668,United States,202.99,10462.26
7822e4,China,262.97,8564.88
a69f88,United States,267.03,10584.18
a8496e,United States,189.77,3810.0
4841c3,Kingdom of the Netherlands,40.13,
ac1448,United States,188.94,6499.86
a8f9f2,United States,220.71,10020.3
43ea87,United Kingdom,228.23,12199.62
acd7d3,United States,58.24,2194.56
ac61b9,United States,66.3,1821.18
e4988b,Brazil,177.75,9532.62
a6f643,United States,66.89,289.56
e4988e,Brazil,162.13,8282.94
a3336d,United States,69.88,769.62
a3203d,United States,227.76,13197.84
4bb263,Turkey,189.37,7848.6
4bb261,Turkey,238.81,9784.08
ad2104,United States,65.92,1935.48
aac136,United States,261.92,10264.14
a32055,United States,154.6,1699.26
a32056,United States,232.73,7261.86
a44c70,United States,69.5,76.2
ac74f9,United States,212.83,10088.88
a919cd,United States,267.71,11041.38
c00bf1,Canada,184.03,4846.32
a56050,United States,210.11,9875.52
c05b4c,Canada,109.61,4602.48
a5bc79,United States,245.81,9685.02
ac61bc,United States,260.9,11689.08
a7b3c2,United States,4.37,
a45f8e,United States,212.04,10965.18
4bab2d,Turkey,194.82,9784.08
ae04d7,United States,287.91,10027.92
ae04d8,United States,180.81,5600.7
7cac2d,Australia,154.53,7924.8
a32044,United States,240.92,12649.2
a5cf8b,United States,209.37,10622.28
a0c075,United States,3.6,
a56c9f,United States,211.12,6454.14
abda54,United States,193.53,9829.8
aa1aab,United States,269.41,10888.98
a82332,United States,242.26,12359.64
8962e5,United Arab Emirates,231.86,9639.3
a0480b,United States,0.0,
a81005,United States,244.46,7863.84
a5bc83,United States,192.39,8542.02
a87cbb,United States,164.26,2217.42
aaba75,United States,55.2,914.4
ac5ada,United States,0.0,
a4798f,United States,197.76,4366.26
a3a990,United States,220.88,10629.9
a4c96c,United States,0.51,
aa974f,United States,139.58,1790.7
400685,United Kingdom,1.29,
a0f8d3,United States,142.08,3710.94
abe147,United States,0.0,
ac61db,United States,225.65,10142.22
a5cf41,United States,133.8,2720.34
aa8431,United States,244.37,12763.5
738284,Israel,160.91,3901.44
aaba81,United States,251.92,11315.7
a6a6b7,United States,142.72,1737.36
738288,Israel,225.96,10675.62
c01ec5,Canada,134.73,1722.12
a69f49,United States,98.46,883.92
a523ab,United States,251.84,9669.78
ad81cf,United States,48.46,2164.08
c038cc,Canada,163.29,5669.28
c01ec6,Canada,173.68,5326.38
a536f7,United States,54.7,1844.04
ad7ad8,United States,48.64,853.44
a1e08d,United States,205.7,5631.18
c08830,Canada,4.37,
a4b64b,United States,191.82,7010.4
4bb28a,Turkey,217.41,8877.3
c038c8,Canada,245.29,10165.08
acaad4,United States,145.27,8618.22
ad1a4e,United States,217.81,11879.58
ac015f,United States,205.29,9989.82
ae4d64,United States,41.24,22.86
abf480,United States,41.85,1173.48
c82817,New Zealand,95.33,3253.74
c07534,Canada,158.51,6057.9
c82835,New Zealand,116.88,4335.78
a1909c,United States,171.37,11140.44
c08863,Canada,224.89,10942.32
c08864,Canada,231.2,10904.22
c08861,Canada,244.5,9738.36
c08862,Canada,284.43,11186.16
a5cf66,United States,143.89,3573.78
4bb276,Turkey,174.37,10187.94
a9da71,United States,63.12,891.54
7585e1,Philippines,211.46,8717.28
a5d643,United States,225.86,10622.28
a9da5c,United States,44.14,1295.4
ab4f07,United States,31.33,7.62
c08852,Canada,198.32,11262.36
a15516,United States,220.3,8191.5
a380ef,United States,48.38,647.7
c08853,Canada,236.08,10835.64
c08851,Canada,247.06,11292.84
a5c31b,United States,209.38,11536.68
7608eb,Pakistan,255.7,11041.38
a095aa,United States,205.63,9159.24
c0884e,Canada,257.84,11925.3
4bb288,Turkey,225.38,10820.4
c0884f,Canada,236.97,11666.22
a28812,United States,200.24,5417.82
c06e45,Canada,156.51,3177.54
a9ed9d,United States,57.61,1127.76
a0c09a,United States,9.26,
e49807,Brazil,75.73,2156.46
acb285,United States,188.47,7505.7
a01b5c,United States,0.0,
896407,United Arab Emirates,229.49,10096.5
a41852,United States,58.55,1813.56
a68096,United States,237.72,12169.14
a57eb8,United States,0.0,
7c39f1,Australia,157.53,5105.4
7c39f3,Australia,124.9,1866.9
a57eb0,United States,169.47,5280.66
020176,Morocco,224.08,10767.06
020175,Morocco,217.1,10751.82
a37b0c,United States,184.97,10020.3
a3e525,United States,228.69,9380.22
758773,Philippines,4.63,
a4c8d2,United States,223.12,10767.06
758772,Philippines,241.64,9852.66
a65835,United States,122.14,5806.44
a07bfa,United States,33.97,777.24
75875e,Philippines,130.43,2651.76
70c13e,Oman,210.48,9509.76
adde95,United States,241.95,10820.4
a0cbd6,United States,172.59,6088.38
89640a,United Arab Emirates,218.54,10728.96
a33ed6,United States,240.17,8671.56
a2886c,United States,190.29,11064.24
758769,Philippines,155.85,4389.12
a7f080,United States,51.19,701.04
4004fe,United Kingdom,90.03,1181.1
c82871,New Zealand,140.27,5654.04
a4b5b6,United States,239.74,11445.24
a1fec6,United States,59.62,1684.02
a095f0,United States,197.72,8862.06
a1a51a,United States,44.04,914.4
aa718b,United States,297.54,12633.96
a02238,United States,47.82,457.2
c038ac,Canada,265.18,10774.68
c038aa,Canada,249.74,9951.72
7c39b2,Australia,3.6,
c038a3,Canada,122.32,1973.58
a03574,United States,247.19,10828.02
a7f05c,United States,35.47,144.78
a082d2,United States,46.69,1211.58
a608e5,United States,39.56,160.02
a358bd,United States,140.64,2545.08
a16883,United States,228.25,9433.56
a01b65,United States,285.36,11170.92
a33eb1,United States,43.52,22.86
758724,Philippines,161.76,4328.16
a32bf3,United States,216.85,11277.6
c060bc,Canada,58.55,373.38
ac0d21,United States,223.27,11193.78
c060bf,Canada,220.96,10492.74
a465df,United States,232.45,11963.4
a1559d,United States,62.27,822.96
c060ba,Canada,214.01,9022.08
7c6334,Australia,75.12,1226.82
70c10b,Oman,225.12,9578.34
a2be6d,United States,119.35,1623.06
70c10d,Oman,207.67,9814.56
70c107,Oman,266.5,11178.54
a87cf9,United States,115.07,1379.22
a83683,United States,64.11,990.6
7c7659,Australia,0.0,
a32bcb,United States,68.94,1043.94
75871f,Philippines,42.34,1478.28
c060c9,Canada,243.03,11993.88
a2b223,United States,222.64,10332.72
c060c8,Canada,133.3,1341.12
75871b,Philippines,142.2,1965.96
4baac1,Turkey,230.91,10683.24
a6e361,United States,235.74,9433.56
c060c5,Canada,247.13,11864.34
c060c3,Canada,199.67,4709.16
c060c2,Canada,232.48,10218.42
4bb1a5,Turkey,270.57,11056.62
a7f040,United States,221.88,10698.48
a38223,United States,253.44,11536.68
a0e5fe,United States,72.99,1112.52
aa8499,United States,147.44,3246.12
a32bba,United States,213.86,9890.76
a37b45,United States,245.5,6065.52
a3a8c0,United States,230.34,9921.24
a8103e,United States,0.0,
a25b66,United States,237.49,9227.82
a37b1c,United States,196.41,11224.26
a598b9,United States,200.84,10622.28
a4fe01,United States,167.69,5334.0
a1feea,United States,189.86,5082.54
aac111,United States,52.78,960.12
70c124,Oman,303.46,11742.42
7c39f7,Australia,157.81,7719.06
7c39f6,Australia,0.0,
02013f,Morocco,186.34,3992.88
a33eda,United States,232.45,9997.44
a27567,United States,215.51,9364.98
a25b3f,United States,211.16,10812.78
ad4747,United States,202.18,10873.74
7822d4,China,150.73,2720.34
a8102a,United States,267.7,10645.14
a8d3c1,United States,218.67,10866.12
8005f4,India,3.86,
a5124c,United States,213.12,5234.94
acab11,United States,213.04,10027.92
780a62,China,280.88,11102.34
e48ffa,Brazil,247.18,11346.18
8005f0,India,249.2,11102.34
a968f8,United States,205.05,7970.52
a9084d,United States,205.31,7033.26
aa3579,United States,191.73,4899.66
8a07a5,Indonesia,0.0,
e80615,Chile,235.31,11803.38
780a5a,China,7.46,
acd83d,United States,126.93,1386.84
a9ee34,United States,42.25,990.6
e80618,Chile,206.11,9646.92
780a5c,China,263.01,11292.84
a955d1,United States,3.34,
7c1474,Australia,251.89,10812.78
78114a,China,89.96,876.3
a81bb3,United States,63.36,609.6
7c1470,Australia,260.43,11056.62
780a70,China,229.8,10233.66
a76552,United States,62.27,106.68
a9ee1f,United States,28.57,91.44
a68bf3,United States,39.85,396.24
895057,Brunei Darussalam,299.98,12397.74
c07fea,Canada,93.38,525.78
c02655,Canada,170.03,10866.12
7c146f,Australia,251.92,12969.24
ac5b43,United States,223.0,12451.08
a7b520,United States,186.44,13144.5
7c61d5,Australia,51.57,548.64
abfefd,United States,270.23,11254.74
ac12d6,United States,249.33,10911.84
c0133f,Canada,238.39,10477.5
e8061f,Chile,195.3,10279.38
e8061a,Chile,219.18,10226.04
ac6243,United States,108.4,1021.08
e8061b,Chile,3.34,
c060b8,Canada,119.64,1348.74
e48fcf,Brazil,195.92,5707.38
c060b9,Canada,136.84,6446.52
7c1468,Australia,1.29,
c060b3,Canada,137.09,7002.78
7cfa12,Australia,59.76,1051.56
ac12be,United States,288.34,11841.48
896354,United Arab Emirates,243.01,11346.18
a81bcc,United States,195.32,10500.36
780a7b,China,260.39,12885.42
abebbe,United States,220.29,12054.84
345353,Spain,235.3,12100.56
acd85e,United States,148.72,7078.98
a5c2ea,United States,217.17,11209.02
a87223,United States,252.21,10820.4
a38252,United States,194.73,9997.44
77044c,Sri Lanka,224.17,7604.76
ac7581,United States,260.88,11376.66
780a94,China,242.21,12618.72
896363,United Arab Emirates,242.72,10226.04
7c6deb,Australia,234.31,11292.84
a75e7e,United States,237.49,9745.98
abebe0,United States,241.31,12268.2
a2c574,United States,238.07,10789.92
a07d01,United States,208.89,10515.6
846bb6,Japan,12.35,
a452c4,United States,244.07,9616.44
a6a88c,United States,238.86,9966.96
a5c2dd,United States,71.31,762.0
ac5b66,United States,257.84,8991.6
7c6ded,Australia,258.44,11224.26
a7650b,United States,202.51,9707.88
a6eeb9,United States,225.99,9966.96
4bb0f6,Turkey,239.78,10408.92
acab54,United States,0.0,
4bb0f5,Turkey,226.46,9258.3
4bb0f3,Turkey,242.4,10965.18
a20d0e,United States,234.75,9753.6
a32d01,United States,78.36,1821.18
ac6266,United States,217.75,11216.64
a5120d,United States,53.5,2141.22
a4f210,United States,53.68,716.28
4bb0ed,Turkey,227.87,10614.66
aa7ba7,United States,262.05,9966.96
4bb0eb,Turkey,0.0,
aba582,United States,54.88,1379.22
780a9c,China,243.82,9342.12
89631c,United Arab Emirates,266.12,8976.36
c07fb5,Canada,154.35,7239.0
ade548,United States,104.91,1150.62
c01f28,Canada,8.23,
c07fb0,Canada,88.2,685.8
a0e751,United States,137.81,1173.48
c07fb1,Canada,214.74,10576.56
a21417,United States,52.97,2247.9
a7c819,United States,143.07,1493.52
a3e55b,United States,63.63,891.54
a3e55a,United States,0.0,
acab3f,United States,5.4,
a3f88e,United States,228.64,9547.86
aa3527,United States,41.7,541.02
a5d5ae,United States,3.09,
4bb0fa,Turkey,254.07,12458.7
c01f1e,Canada,190.73,11384.28
c07fb9,Canada,151.12,3238.5
ad7b4d,United States,203.5,12816.84
c086bf,Canada,190.13,8724.9
a287a4,United States,256.79,9441.18
aa2e36,United States,228.9,7688.58
a56be4,United States,51.17,1371.6
a6eed5,United States,244.16,8465.82
ac6289,United States,0.77,
88434a,Thailand,129.44,5478.78
841e00,Japan,184.81,11894.82
c07fdb,Canada,279.39,12778.74
75876b,Philippines,202.21,6560.82
a69ede,United States,44.14,312.42
0d81e4,Venezuela,136.49,3893.82
a51e7d,United States,232.45,10309.86
a3e584,United States,211.31,13312.14
4bb0e7,Turkey,257.87,12435.84
4bb0e8,Turkey,242.05,12588.24
4bb0e5,Turkey,220.75,8374.38
a6eec9,United States,170.74,3154.68
a06a07,United States,113.89,2400.3
a06a09,United States,222.07,10096.5
758793,Philippines,253.08,10759.44
aa8eb3,United States,187.22,12146.28
896315,United Arab Emirates,232.55,9067.8
a047db,United States,74.54,1028.7
a4f239,United States,0.0,
89630d,United Arab Emirates,253.24,8039.1
a6f5b5,United States,239.59,10020.3
89630c,United Arab Emirates,255.49,10995.66
a06a12,United States,137.98,5867.4
a37aa3,United States,267.41,9532.62
84cefa,Japan,291.01,11094.72
88084d,Thailand,229.71,9669.78
c06189,Canada,6.17,
aa9721,United States,131.64,1432.56
88084a,Thailand,200.84,5204.46
a22771,United States,173.97,9281.16
880857,Thailand,230.82,9128.76
abec9b,United States,199.95,6499.86
a26df9,United States,244.11,10805.16
c80daf,New Zealand,56.96,472.44
ab680f,United States,129.64,1783.08
880852,Thailand,200.15,6065.52
c0617a,Canada,239.87,10264.14
a2d7d0,United States,51.18,617.22
84bbdf,Japan,162.66,11445.24
c06177,Canada,240.47,11079.48
a1ed2c,United States,128.29,3048.0
c06179,Canada,186.26,10675.62
c06175,Canada,222.17,8679.18
c06171,Canada,90.32,845.82
880847,Thailand,222.31,11955.78
880846,Thailand,200.26,7147.56
abe075,United States,204.52,11247.12
a417c9,United States,211.44,10645.14
c0616c,Canada,204.76,7901.94
a68d02,United States,235.3,10911.84
ad2c9f,United States,9.77,
a51dc3,United States,59.3,274.32
a3472f,United States,146.79,2735.58
c827ee,New Zealand,217.14,4274.82
86789e,Japan,148.61,8473.44
a19d59,United States,226.12,8808.72
a287da,United States,107.58,1143.0
a22752,United States,73.17,1539.24
a0ba19,United States,223.72,9563.1
e0664b,Argentina,216.23,11452.86
a3f7f6,United States,45.8,731.52
a3f7f3,United States,165.46,3985.26
a99269,United States,85.61,3238.5
c827f0,New Zealand,144.72,3116.58
a75da8,United States,226.29,6088.38
c0619b,Canada,216.61,11369.04
7609f2,Pakistan,234.71,9105.9
a0977d,United States,136.21,3718.56
a69419,United States,51.86,1371.6
ad2095,United States,222.78,9380.22
ac38c0,United States,43.3,1417.32
add0cd,United States,223.54,11833.86
aaf8c6,United States,156.34,3352.8
c1e475,Canada,1.03,
a63dc7,United States,196.02,5539.74
a21432,United States,252.77,10706.1
a07134,United States,83.9,388.62
c06193,Canada,160.57,5250.18
a8c267,United States,32.94,15.24
c1e479,Canada,1.8,
7586d7,Philippines,93.99,1493.52
c0618e,Canada,222.09,11330.94
a18a1c,United States,186.51,10378.44
7609e4,Pakistan,69.26,335.28
a537ed,United States,226.91,9525.0
4bab22,Turkey,278.77,10706.1
89639c,United Arab Emirates,277.21,
aae5a9,United States,121.57,1432.56
a2bdff,United States,64.9,236.22
a2fa49,United States,53.85,1379.22
7c6de9,Australia,6.17,
4bb206,Turkey,211.34,10043.16
aa1b9f,United States,233.53,9806.94
7586a8,Philippines,110.15,1318.26
a46785,United States,221.06,12085.32
a1f46b,United States,191.12,6896.1
a32d85,United States,70.96,815.34
7c6de4,Australia,210.36,11445.24
4bb203,Turkey,199.67,10637.52
7c6dda,Australia,212.33,12100.56
ac6e0b,United States,77.65,632.46
a2b1ab,United States,228.53,8884.92
a955fd,United States,132.85,2659.38
a19163,United States,44.19,1623.06
80073d,India,59.61,11696.7
7c74d8,Australia,68.76,541.02
4bab27,Turkey,251.11,10911.84
80073e,India,259.07,11704.32
aadec2,United States,82.97,2651.76
7c6ddd,Australia,206.24,12275.82
a9ee4b,United States,50.66,2270.76
4bb20a,Turkey,239.37,9806.94
7609ae,Pakistan,207.92,
7c6dd9,Australia,255.07,11864.34
a02f05,United States,23.66,38.1
7c6dd6,Australia,264.56,10965.18
a8d574,United States,88.18,990.6
7c6dd4,Australia,225.7,11414.76
a9e21e,United States,37.68,1463.04
a6f5fc,United States,245.06,10104.12
a9087f,United States,177.44,8839.2
47838c,Norway,70.87,1203.96
a2014d,United States,42.88,594.36
89637d,United Arab Emirates,215.19,9502.14
a7a25f,United States,248.99,10957.56
8a07d3,Indonesia,0.0,
a9ee47,United States,52.23,1005.84
ad45a4,United States,238.08,9784.08
a44d3f,United States,221.06,10149.84
c1e422,Canada,1.54,
ad7b02,United States,33.32,495.3
ab05e2,United States,3.86,
a381b1,United States,262.69,12702.54
a2c4bb,United States,10.42,243.84
780a43,China,247.3,11658.6
7c6dc9,Australia,211.79,6964.68
7609b0,Pakistan,209.66,10241.28
a1e132,United States,175.42,4724.4
a13af4,United States,260.65,11498.58
a44d47,United States,74.63,3726.18
0200cb,Morocco,0.0,
7c6dba,Australia,147.14,2324.1
a37ab5,United States,231.69,11468.1
780a3f,China,3.09,
780a3c,China,246.95,9784.08
c06156,Canada,160.08,3345.18
84ceef,Japan,168.08,8572.5
a3475e,United States,113.86,2042.16
800734,India,255.13,10980.42
7c6db5,Australia,5.14,
a06a7e,United States,14.92,
a07176,United States,259.15,11841.48
a07177,United States,174.73,3627.12
800738,India,263.21,11056.62
aad2a8,United States,0.06,
a20d7d,United States,69.75,1920.24
7c6db0,Australia,256.32,10050.78
aa7bea,United States,0.0,
ac6204,United States,1.03,
4bb201,Turkey,221.99,9517.38
a0cd92,United States,57.06,1981.2
c0614d,Canada,209.76,10744.2
7c6db9,Australia,0.0,
7c6db8,Australia,193.28,12016.74
a2012d,United States,54.53,1036.32
a32116,United States,219.76,10706.1
acd838,United States,0.0,
a261c9,United States,49.48,1615.44
4840b9,Kingdom of the Netherlands,41.92,68.58
7c74a0,Australia,36.14,205.74
4baa44,Turkey,258.93,9738.36
aa7e9b,United States,260.71,10088.88
4baa43,Turkey,217.77,10591.8
c07676,Canada,239.38,10546.08
a68d6f,United States,9.77,
a44169,United States,225.65,11262.36
a44166,United States,164.44,3627.12
a2b1fe,United States,96.55,3383.28
a55a72,United States,238.04,8763.0
a70463,United States,266.17,11788.14
a897f4,United States,90.3,1501.14
a28928,United States,142.07,4069.08
abdb35,United States,181.25,4960.62
e49764,Brazil,201.19,8404.86
ad4873,United States,220.29,10378.44
a8d4b0,United States,224.33,8816.34
c05004,Canada,224.59,11285.22
c05007,Canada,125.52,3764.28
a511f6,United States,195.54,9784.08
a4414a,United States,232.68,11254.74
a21fa1,United States,165.35,5212.08
ac62cc,United States,258.79,11719.56
ac5bf6,United States,243.81,10287.0
a4a484,United States,215.14,8976.36
a07ca0,United States,196.2,4404.36
c013d0,Canada,241.18,10111.74
ac75ee,United States,246.95,11902.44
4bb143,Turkey,272.75,10081.26
abee6c,United States,238.14,9037.32
a5d798,United States,1.03,
a9edb0,United States,220.79,10149.84
a4f1e5,United States,223.85,10233.66
a1917b,United States,6.94,
8963f2,United Arab Emirates,264.62,11719.56
a6f78a,United States,225.91,11567.16
acbeff,United States,194.91,5593.08
ac157d,United States,263.32,11658.6
c05030,Canada,224.02,8976.36
4bb107,Turkey,241.59,8732.52
add2b0,United States,148.22,1630.68
8963df,United Arab Emirates,252.15,10309.86
aa7e7c,United States,253.28,11529.06
4bb106,Turkey,110.03,670.56
aa7e7b,United States,79.74,937.26
a31a77,United States,247.79,10492.74
4bb103,Turkey,226.14,10591.8
a6ca3c,United States,56.73,2545.08
4bb104,Turkey,102.83,1844.04
4baa0c,Turkey,63.33,335.28
ad7bdf,United States,212.52,12451.08
8963ef,United Arab Emirates,91.08,922.02
c05c86,Canada,214.46,6156.96
c0635c,Canada,159.96,6957.06
a28904,United States,254.26,11559.54
a0719b,United States,5.14,
c0635f,Canada,71.47,190.5
3df742,Germany,7.84,457.2
8963ec,United Arab Emirates,4.63,
3a3443,France,57.65,3086.1
a44d85,United States,180.81,3192.78
7c01e7,Australia,113.09,1722.12
7c01e2,Australia,223.04,8534.4
c06358,Canada,132.99,3345.18
c06357,Canada,158.84,7040.88
ab926b,United States,72.41,2362.2
a7178c,United States,206.62,7078.98
a764f7,United States,32.99,1318.26
a7045b,United States,255.58,9311.64
a83782,United States,5.92,
aa7e79,United States,217.93,10774.68
c07681,Canada,89.13,1211.58
a2fa4b,United States,64.28,762.0
a1e14c,United States,83.77,2087.88
8678c0,Japan,232.11,10683.24
c0501e,Canada,9.77,
7c4a53,Australia,6.43,
a119af,United States,65.85,426.72
a31a73,United States,94.88,609.6
a2b1bc,United States,36.62,693.42
c05c71,Canada,259.76,12115.8
7c5d89,Australia,43.23,45.72
aa7e74,United States,205.94,11148.06
a3a9b6,United States,223.35,9890.76
a25c13,United States,166.61,4069.08
4baa84,Turkey,221.73,8488.68
4baa85,Turkey,248.31,9883.14
aa2eeb,United States,62.76,2270.76
8963d4,United Arab Emirates,212.81,10774.68
abdb88,United States,100.35,2286.0
a106d6,United States,121.31,2164.08
aa720f,United States,153.15,3406.14
a69423,United States,220.21,11856.72
a07cd8,United States,195.79,9364.98
a69424,United States,237.05,11490.96
a3d1b1,United States,0.51,
a03667,United States,35.29,952.5
75002c,Malaysia,235.36,10195.56
75002a,Malaysia,158.71,3741.42
a1ffd3,United States,50.15,1577.34
a21fbb,United States,254.74,12306.3
8963d8,United Arab Emirates,253.49,10454.64
aa35e1,United States,0.45,
a0232a,United States,211.56,9928.86
ac159a,United States,203.02,6637.02
a7c7a2,United States,197.95,9700.26
8963e1,United Arab Emirates,271.39,
abdb97,United States,46.95,1729.74
8963e5,United Arab Emirates,193.28,3916.68
a359c2,United States,237.07,9159.24
a5743f,United States,221.7,13449.3
ad225b,United States,46.37,1546.86
c1e601,Canada,5.92,
add2b5,United States,62.25,853.44
a03676,United States,89.14,2613.66
4bb188,Turkey,288.62,11650.98
a14f69,United States,41.16,2446.02
4bb185,Turkey,165.55,2781.3
a44197,United States,216.73,11285.22
4bb186,Turkey,268.6,11132.82
acc5fb,United States,261.25,9845.04
4bb183,Turkey,250.11,10073.64
a68d44,United States,105.46,1417.32
aa7e56,United States,222.84,9867.9
a1ffab,United States,169.42,8862.06
8963e8,United Arab Emirates,206.79,4792.98
3a3493,France,191.71,5120.64
a7c7d2,United States,210.34,13418.82
4baa64,Turkey,215.91,10568.94
a1e19b,United States,103.35,4503.42
4baa65,Turkey,251.05,10492.74
7586fc,Philippines,210.37,10888.98
a106b4,United States,0.0,
aa7e3a,United States,191.62,11254.74
4bb148,Turkey,253.86,8770.62
781e13,China,277.51,10850.88
4bb156,Turkey,207.0,9822.18
a27614,United States,160.3,3710.94
abdb8f,United States,38.6,861.06
c013c3,Canada,193.28,6499.86
aa1ba3,United States,8.75,
a9db7c,United States,54.91,975.36
8963b4,United Arab Emirates,78.97,129.54
4bb14e,Turkey,214.27,7894.32
4bb14c,Turkey,234.64,9342.12
c82727,New Zealand,0.77,
4bb14a,Turkey,192.45,4465.32
c01ff2,Canada,150.16,6339.84
c06312,Canada,273.75,11887.2
a01c37,United States,242.73,10203.18
400773,United Kingdom,212.46,6309.36
a50adc,United States,261.75,10477.5
a5aa32,United States,136.69,5173.98
4868ba,Kingdom of the Netherlands,223.7,10698.48
a4f1af,United States,42.36,1303.02
4baa6e,Turkey,227.69,9494.52
4baa6c,Turkey,227.87,9532.62
4bb164,Turkey,227.67,7078.98
a5d778,United States,58.44,1074.42
a5aa1c,United States,177.48,6362.7
4067f0,United Kingdom,179.98,6934.2
4baa79,Turkey,260.49,9532.62
a1f3c5,United States,241.59,10949.94
86eb36,Japan,299.6,11757.66
7cad02,Australia,126.38,1965.96
ab4ea9,United States,221.15,10477.5
a7ea7e,United States,140.02,1569.72
a14f8d,United States,47.06,1409.7
a070d7,United States,219.64,9273.54
a3df4a,United States,3.09,
add376,United States,226.81,10058.4
896534,United Arab Emirates,204.76,12070.08
a3962d,United States,0.06,
896538,United Arab Emirates,230.54,10104.12
a1435d,United States,270.72,11155.68
896537,United Arab Emirates,199.82,6050.28
a53975,United States,225.89,10142.22
a26f6f,United States,204.06,8046.72
ad4804,United States,92.57,762.0
a80a97,United States,175.88,9418.32
a3cc36,United States,77.66,1638.3
a213d6,United States,7.46,
7c14a0,Australia,45.48,586.74
a37c1c,United States,231.79,10172.7
c82757,New Zealand,139.25,2476.5
ab4ec6,United States,262.79,12862.56
a3e658,United States,270.08,11536.68
a1f3a1,United States,42.7,1203.96
a69fd7,United States,208.16,7094.22
a26f5e,United States,55.41,1981.2
a8119c,United States,226.18,6949.44
a1fff2,United States,7.72,
4bb194,Turkey,256.15,9555.48
ab68e5,United States,36.59,967.74
4bb190,Turkey,239.97,9959.34
a6594f,United States,250.34,10942.32
8a074e,Indonesia,132.03,2727.96
020072,Morocco,245.96,10248.9
ac0e33,United States,34.99,266.7
4bb18d,Turkey,257.03,11010.9
4bb18b,Turkey,246.1,8519.16
c82763,New Zealand,63.39,457.2
a1433a,United States,200.58,9425.94
896516,United Arab Emirates,230.41,8862.06
a63f4e,United States,222.09,10279.38
abb8c4,United States,244.84,11064.24
4ca907,Ireland,238.14,9547.86
a38367,United States,222.53,6949.44
a6ca70,United States,80.47,3619.5
a599a5,United States,262.28,9608.82
a98acb,United States,48.9,4427.22
a9a779,United States,82.37,579.12
7cad48,Australia,125.5,1181.1
4067a4,United Kingdom,236.12,10629.9
7cad45,Australia,189.11,5730.24
a466fc,United States,147.0,3596.64
a9ede9,United States,254.04,13426.44
7cad43,Australia,233.88,12031.98
7cad41,Australia,188.92,5600.7
4a0688,Romania,121.12,3893.82
a9a776,United States,76.14,1790.7
88808b,Viet Nam,222.99,10347.96
ac2859,United States,138.7,1775.46
7c4a45,Australia,112.74,1066.8
a9dab2,United States,90.78,2438.4
a8d4f6,United States,223.5,10195.56
7c01c0,Australia,101.27,6217.92
7c7772,Australia,156.53,3368.04
aa6b9d,United States,247.59,10226.04
a3f930,United States,1.03,
c81455,New Zealand,23.75,114.3
a1a697,United States,253.83,10904.22
a37020,United States,218.33,11254.74
a65917,United States,206.91,7078.98
4ca95e,Ireland,96.2,1447.8
ab4eeb,United States,206.29,10637.52
ab920d,United States,49.34,982.98
888093,Viet Nam,197.68,10911.84
7c7776,Australia,185.13,6812.28
8678e2,Japan,65.92,45.72
ac5bb0,United States,223.2,8229.6
acbea2,United States,218.61,4457.7
7810a3,China,295.69,10660.38
a3701a,United States,143.61,7848.6
a51f0f,United States,200.82,7071.36
7c01b3,Australia,4.37,
acd8ac,United States,239.33,7437.12
ad8ed7,United States,6.43,
aae884,United States,64.38,914.4
a5e9a1,United States,44.43,2042.16
a320a6,United States,0.0,
abb8ea,United States,201.53,12039.6
a3df1e,United States,226.49,9966.96
7c4a0d,Australia,0.0,
ab42c1,United States,51.21,472.44
a6ca7f,United States,216.13,11445.24
3a46b9,France,54.09,1958.34
acc5aa,United States,224.98,10485.12
a98ac9,United States,33.91,4434.84
3a46b7,France,141.58,3848.1
a9edc7,United States,53.5,266.7
abee3a,United States,53.57,1676.4
8007ca,India,213.39,6141.72
ab8b3e,United States,17.49,
ac1547,United States,219.63,10035.54
a9a753,United States,52.89,2164.08
a8d4d2,United States,251.93,10858.5
a2766f,United States,246.62,9212.58
a40654,United States,0.0,
a9f4c6,United States,127.72,1409.7
a69fa8,United States,229.67,13456.92
7c4a09,Australia,130.04,5135.88
a39662,United States,201.01,13098.78
a81166,United States,92.32,1013.46
ab8b56,United States,69.7,281.94
3a46b1,France,143.8,5158.74
a4c9d5,United States,64.0,68.58
a9a75b,United States,191.76,11064.24
a38f78,United States,44.41,160.02
a3965c,United States,0.0,
4a068a,Romania,112.16,1280.16
781cfd,China,278.94,11719.56
a14380,United States,206.63,12092.94
ac13d6,United States,244.42,11475.72
e495d0,Brazil,151.68,4808.22
89647d,United Arab Emirates,5.92,
4ca86e,Ireland,66.73,358.14
abb995,United States,217.01,8206.74
a8bc34,United States,151.69,1813.56
3e0fe9,Germany,1.03,76.2
a3c04e,United States,47.8,2118.36
896497,United Arab Emirates,61.95,289.56
896496,United Arab Emirates,222.73,8260.08
4005c1,United Kingdom,11.32,
abf3b8,United States,211.36,11254.74
4ca892,Ireland,72.08,198.12
ae0631,United States,96.77,7886.7
a62041,United States,56.1,251.46
ac6f8a,United States,252.89,11475.72
40683e,United Kingdom,3.34,
4ca87d,Ireland,224.55,10538.46
4005b9,United Kingdom,263.01,10942.32
a320f9,United States,209.75,10911.84
4258bf,United Kingdom,6.43,
c06ddf,Canada,167.76,4351.02
a560f4,United States,240.28,10393.68
781284,China,180.51,5356.86
ac00b1,United States,79.22,320.04
a5c3da,United States,33.02,426.72
ac501e,United States,198.42,10424.16
0acc96,Colombia,2.06,
a320db,United States,100.71,3931.92
770591,Sri Lanka,247.61,10386.06
aa2f95,United States,56.65,723.9
a560ed,United States,30.87,68.58
872fa0,Japan,227.12,10706.1
a320e8,United States,182.77,12374.88
896472,United Arab Emirates,283.57,11178.54
4258cf,United Kingdom,5.66,
46f015,Greece,3.86,
896477,United Arab Emirates,251.32,8953.5
896476,United Arab Emirates,236.26,7208.52
896475,United Arab Emirates,259.77,11650.98
acd99a,United States,184.48,3954.78
ab4383,United States,222.61,12062.46
a44cfd,United States,226.43,11262.36
7cc5ce,Australia,56.07,441.96
770588,Sri Lanka,211.72,6416.04
ac767c,United States,7.72,
a87f7e,United States,40.97,678.18
a8d635,United States,0.0,
0ac02b,Colombia,5.66,
a62063,United States,145.69,1866.9
781297,China,260.0,10622.28
89646c,United Arab Emirates,114.74,1821.18
ac5041,United States,77.13,167.64
a320d4,United States,255.73,12778.74
a40694,United States,122.95,845.82
abf3da,United States,247.83,10317.48
896482,United Arab Emirates,231.09,10096.5
a810a1,United States,52.23,2910.84
484f71,Kingdom of the Netherlands,263.03,11460.48
ac00d6,United States,226.2,10607.04
a89953,United States,174.5,5516.88
a01bbc,United States,234.59,9029.7
a07e5e,United States,49.52,739.14
4676fd,Finland,5.14,
896450,United Arab Emirates,141.24,1249.68
a07228,United States,176.46,3764.28
a25ba7,United States,45.13,708.66
aa1c2c,United States,132.59,2575.56
a19202,United States,195.43,11711.94
a09890,United States,56.39,647.7
3c0c0a,Germany,247.82,11285.22
89644c,United Arab Emirates,220.41,10500.36
89644a,United Arab Emirates,266.44,10751.82
a693ae,United States,48.07,861.06
a5399b,United States,47.65,1386.84
ac5066,United States,125.91,3063.24
a18b36,United States,65.18,487.68
a63337,United States,40.85,1173.48
ad20d1,United States,47.02,1706.88
02007a,Morocco,234.45,10957.56
add31b,United States,171.18,5105.4
896463,United Arab Emirates,255.73,11780.52
a022d0,United States,226.3,12161.52
a51358,United States,199.17,10568.94
a22839,United States,215.41,11780.52
a5d6f9,United States,230.33,10599.42
acac8c,United States,58.1,1379.22
e482c6,Brazil,212.47,8785.86
a64679,United States,6.94,
a716f6,United States,130.24,3093.72
c00d51,Canada,68.94,53.34
abe0df,United States,188.34,8450.58
a87f51,United States,152.86,2270.76
4ca894,Ireland,74.73,297.18
a6e3b2,United States,224.97,13456.92
aca02f,United States,195.33,7848.6
a680b0,United States,85.5,2827.02
a3e69d,United States,227.44,10629.9
c0273f,Canada,109.03,2118.36
781da5,China,276.37,11422.38
ade66f,United States,222.68,9913.62
4005bf,United Kingdom,267.52,11239.5
c06dba,Canada,130.16,3284.22
4005ba,United Kingdom,224.01,10637.52
aae810,United States,214.61,11818.62
a50c7c,United States,212.88,11186.16
ab081f,United States,73.37,4389.12
7587fb,Philippines,4.37,
75010a,Malaysia,103.64,1135.38
a262ad,United States,74.77,220.98
e48395,Brazil,128.84,2667.0
ab19d0,United States,145.52,12131.04
e48396,Brazil,143.39,2887.98
780b09,China,199.56,7124.7
0d09ec,Mexico,214.61,8846.82
0d09ef,Mexico,195.11,6903.72
a1a5cf,United States,229.75,7444.74
acb1f8,United States,147.85,2171.7
aa9830,United States,6.43,
aaf9c1,United States,219.9,10645.14
a34878,United States,154.67,6019.8
781203,China,264.62,9342.12
ac892e,United States,0.0,
a2c5b1,United States,248.72,12824.46
a18b45,United States,84.31,670.56
a778d9,United States,78.91,868.68
a8609f,United States,162.66,3634.74
a3484e,United States,86.77,2324.1
a0ce68,United States,241.58,10530.84
a0c20f,United States,206.31,6827.52
a44e1c,United States,219.13,11323.32
a1087a,United States,185.59,5364.48
c1e587,Canada,8.75,
a25bc4,United States,223.8,7018.02
a50bc5,United States,55.91,2819.4
a13bbf,United States,37.93,281.94
a2bec7,United States,217.53,11285.22
a44e25,United States,216.59,12412.98
a44e24,United States,102.37,1463.04
a2c5a3,United States,226.44,11986.26
ac6f31,United States,129.4,2377.44
ac26b2,United States,225.39,12260.58
ac760d,United States,154.64,3474.72
ab3c0c,United States,180.91,10210.8
a08588,United States,33.44,358.14
a31b04,United States,134.45,1950.72
a2d8d9,United States,217.35,11864.34
a3d2c0,United States,204.85,10576.56
a6de16,United States,37.04,365.76
ab3c29,United States,89.97,3253.74
ac6f30,United States,217.61,12367.26
a022f4,United States,263.82,12473.94
8a06d0,Indonesia,147.13,4617.72
c07594,Canada,114.43,5875.02
a2b2da,United States,111.63,3459.48
addf01,United States,263.44,10477.5
4a4d79,Romania,257.18,9014.46
7c1566,Australia,86.98,754.38
ac6f2d,United States,49.14,411.48
ac0ca4,United States,219.14,12443.46
738446,Israel,257.73,11361.42
4baa09,Turkey,68.3,198.12
738444,Israel,253.51,9288.78
a2b2e1,United States,241.39,10645.14
ac0cab,United States,329.63,9845.04
a810ba,United States,195.34,4526.28
aae6d5,United States,213.23,11696.7
a44238,United States,205.01,11209.02
a3489f,United States,111.13,1996.44
4bb101,Turkey,223.79,11231.88
7c75e0,Australia,0.0,
a823f2,United States,67.58,1470.66
781e83,China,251.32,10812.78
aae6cd,United States,70.64,358.14
a98c93,United States,27.44,281.94
a2abda,United States,192.38,8039.1
89649e,United Arab Emirates,242.36,11993.88
ac763e,United States,232.6,10271.76
a2abcf,United States,140.07,7239.0
ac13b3,United States,233.48,9669.78
ad3fcd,United States,74.59,1790.7
a3355e,United States,248.19,10888.98
76d253,Singapore,246.3,10416.54
a20258,United States,43.52,807.72
abb972,United States,207.34,11940.54
a1e23a,United States,60.98,411.48
0d09d5,Mexico,220.42,11536.68
a32e86,United States,104.58,1135.38
acd964,United States,226.81,9601.2
ad3fd9,United States,230.19,10721.34
ad3fd7,United States,0.19,
ab3c58,United States,186.19,10820.4
ad3fd6,United States,221.46,6637.02
ac26cf,United States,186.74,5814.06
a99f92,United States,278.33,13365.48
a62092,United States,28.68,914.4
a56e0d,United States,254.54,12839.7
a4b827,United States,267.91,10279.38
a8c32a,United States,138.68,1714.5
0d09ce,Mexico,244.29,11719.56
a9f64d,United States,54.29,1150.62
ade609,United States,0.0,
ad3fde,United States,1.29,
a44211,United States,227.22,10210.8
a9f64b,United States,117.57,2484.12
a382b6,United States,106.51,2491.74
ab3c61,United States,84.94,861.06
a44214,United States,181.65,4389.12
86796c,Japan,140.45,3154.68
ac6326,United States,62.81,1767.84
a2abc6,United States,47.34,556.26
ac7658,United States,1.03,
a19272,United States,92.32,556.26
a34897,United States,50.44,60.96
a2fb32,United States,205.79,11399.52
addf19,United States,95.17,3558.54
a1e241,United States,243.44,11483.34
ac252a,United States,250.93,11422.38
aa32c6,United States,50.22,822.96
abaed1,United States,86.1,1531.62
a5ba10,United States,41.67,1409.7
a33d97,United States,50.42,
a63ab9,United States,63.49,3581.4
3965a3,France,193.17,10431.78
a2c1bd,United States,211.93,9974.58
3965a2,France,231.73,11231.88
ad4513,United States,86.18,754.38
88816d,Viet Nam,207.71,10972.8
3965a4,France,272.25,10424.16
a5d421,United States,48.4,853.44
ab1890,United States,258.2,9121.14
a44a48,United States,202.04,10218.42
a3f4ea,United States,124.84,1501.14
abb5bf,United States,237.18,6446.52
c07f3d,Canada,177.99,4366.26
abfe52,United States,53.51,53.34
a9672c,United States,72.68,548.64
ab9b49,United States,146.9,1082.04
a5cd55,United States,216.7,10850.88
a271de,United States,212.55,12854.94
3462c8,Spain,212.34,12230.1
c07f49,Canada,204.14,11917.68
a414e8,United States,61.66,236.22
aa2bc4,United States,242.22,10698.48
ad4528,United States,69.96,228.6
3965b2,France,247.09,9197.34
7811fd,China,254.86,11498.58
88815c,Viet Nam,212.04,10332.72
a26afe,United States,187.79,4434.84
a0a903,United States,214.67,11849.1
840cd2,Japan,112.83,1554.48
840cd8,Japan,177.36,11529.06
a40df9,United States,171.49,8359.14
a38ad5,United States,100.78,1988.82
a4c78f,United States,111.14,2293.62
a4fae1,United States,0.0,320.04
a6ed3e,United States,58.2,464.82
c023c7,Canada,248.14,9822.18
aa2bc2,United States,222.63,11262.36
aa2bc1,United States,210.19,10812.78
a3577d,United States,210.05,11772.9
4ac98a,Sweden,10.8,
aaf87f,United States,210.32,10500.36
a3578a,United States,143.0,1836.42
a894b5,United States,0.0,
a641b6,United States,0.0,
a76df8,United States,156.07,3268.98
a72782,United States,236.83,7711.44
a21142,United States,201.86,7277.1
ad9edf,United States,10.8,
c023bd,Canada,1.29,
a4c79b,United States,182.57,7040.88
a641bf,United States,203.91,9075.42
a4c79f,United States,108.18,3649.98
c023aa,Canada,1.54,
a2d4d6,United States,29.65,411.48
a1f11d,United States,185.61,7909.56
a009a4,United States,256.16,10302.24
4ca6d6,Ireland,216.45,9532.62
a3576b,United States,72.4,693.42
acd5ad,United States,242.89,10713.72
a05910,United States,0.0,
8413d7,Japan,169.15,10843.26
a4fae8,United States,150.8,1714.5
a0817f,United States,263.4,10820.4
aa2ba2,United States,241.3,10530.84
a4ad7f,United States,116.72,5440.68
aa2ba4,United States,128.51,1965.96
aad249,United States,215.73,12176.76
abb5e2,United States,208.87,11811.0
a5c127,United States,195.86,3992.88
abb5e3,United States,201.31,9791.7
88817c,Viet Nam,11.32,
abb5e6,United States,227.91,7543.8
aa7b10,United States,220.72,7193.28
acced9,United States,255.0,10477.5
86eaea,Japan,234.63,8763.0
acc2b6,United States,266.55,12230.1
abb5ea,United States,157.03,3528.06
0ac425,Colombia,4.12,
ad2b43,United States,208.89,4099.56
a0d19e,United States,229.45,10081.26
8964f9,United Arab Emirates,229.59,8359.14
a8d27e,United States,248.92,10287.0
c02fb8,Canada,245.42,10492.74
a0595d,United States,9.26,
ab9b81,United States,213.58,10698.48
aae597,United States,227.81,5867.4
a27f07,United States,67.91,381.0
a129dc,United States,243.31,10980.42
5084e7,Ukraine,222.33,9357.36
a52dbc,United States,45.92,1165.86
4bb068,Turkey,210.8,10035.54
8964fb,United Arab Emirates,216.31,11750.04
ad3e82,United States,44.52,883.92
8964ff,United Arab Emirates,241.63,8846.82
8964fd,United Arab Emirates,231.94,10111.74
4bb062,Turkey,231.13,11925.3
a4b414,United States,51.78,1005.84
49d5ef,Czech Republic,233.06,10416.54
abeb57,United States,254.92,11536.68
a249c2,United States,81.14,3307.08
e49699,Brazil,66.37,1043.94
c0119b,Canada,44.09,975.36
a16621,United States,262.65,14089.38
781f25,China,204.38,4739.64
c07f2e,Canada,153.37,7269.48
a3f4bd,United States,45.65,1310.64
888167,Viet Nam,7.46,
a03f24,United States,236.29,10637.52
8964d1,United Arab Emirates,255.58,11170.92
a4b41c,United States,241.4,10172.7
c049e9,Canada,231.57,10728.96
a534c1,United States,149.54,2705.1
a46488,United States,11.32,
a3f4d7,United States,60.98,-22.86
a21184,United States,255.64,12115.8
c06c15,Canada,44.18,1287.78
c07f47,Canada,176.38,6286.5
a4b420,United States,206.03,9265.92
a4b421,United States,222.63,11460.48
a129b0,United States,195.71,10660.38
a03f1e,United States,242.11,10584.18
c02fd8,Canada,262.05,10835.64
8964d9,United Arab Emirates,184.33,3848.1
ac0b96,United States,289.15,8968.74
847628,Japan,97.54,1813.56
addbc5,United States,86.52,1546.86
a57d55,United States,75.12,2011.68
abfe9d,United States,7.2,
c07f36,Canada,7.72,
ac0b7f,United States,4.89,
88813d,Viet Nam,187.34,7482.84
c07f32,Canada,162.36,7543.8
8964da,United Arab Emirates,259.15,9799.32
a29908,United States,226.6,9448.8
ad4584,United States,184.73,4953.0
a2e93c,United States,210.42,10248.9
a94d94,United States,183.31,12138.66
e8043b,Chile,245.31,12641.58
e80452,Chile,216.83,6675.12
a2d615,United States,132.27,1882.14
a8214b,United States,62.21,2019.3
a94156,United States,6.69,
a33ca9,United States,128.13,1440.18
7cae0c,Australia,244.09,11917.68
7cae0a,Australia,262.79,10043.16
e80457,Chile,205.5,10226.04
c02494,Canada,211.46,10576.56
e8044d,Chile,149.56,3108.96
88596c,Thailand,152.2,4015.74
e8044f,Chile,245.28,8343.9
a8caf5,United States,53.92,335.28
88596d,Thailand,201.91,5067.3
c0248c,Canada,242.81,11551.92
a2e935,United States,211.21,10881.36
a99afb,United States,247.58,8450.58
acd68a,United States,178.29,3840.48
e8045b,Chile,230.15,7825.74
a82182,United States,170.82,10614.66
a94d70,United States,81.01,3185.16
780aa0,China,109.17,937.26
896626,United Arab Emirates,262.32,11734.8
7cf095,Australia,2.31,
40787b,United Kingdom,324.73,12519.66
e80470,Chile,89.51,525.78
e80473,Chile,224.72,10332.72
4ac8a8,Sweden,217.59,11818.62
a02c40,United States,266.65,10645.14
7cf07d,Australia,6.94,
e8046d,Chile,84.95,1021.08
a4fc00,United States,267.25,10355.58
e8046f,Chile,272.66,11361.42
4bb06e,Turkey,220.3,10142.22
a02c49,United States,103.88,5836.92
a1b609,United States,54.79,2506.98
a2cf09,United States,169.53,4998.72
896633,United Arab Emirates,230.55,9601.2
a1c935,United States,104.22,1112.52
a03331,United States,212.92,8298.18
a6692d,United States,218.13,10675.62
a81a81,United States,0.32,
a369af,United States,237.02,13197.84
780aaa,China,183.93,5836.92
a4bfc1,United States,214.99,10370.82
a7fa70,United States,263.43,7056.12
8008c6,India,4.12,
a9b775,United States,198.55,3459.48
89662e,United Arab Emirates,219.42,7391.4
ab5eb2,United States,211.0,11010.9
c071ad,Canada,67.92,960.12
4ca82b,Ireland,198.3,5295.9
896604,United Arab Emirates,255.65,9784.08
a356f6,United States,133.76,1348.74
a6e131,United States,112.79,3634.74
a330a0,United States,77.17,121.92
a88ddf,United States,280.54,13807.44
a1a33a,United States,87.03,1485.9
780aba,China,150.11,2087.88
a0337c,United States,137.51,1722.12
a16693,United States,216.27,6469.38
a6ed61,United States,259.98,10942.32
a75abe,United States,56.74,266.7
a40318,United States,171.34,12481.56
a6914f,United States,188.88,6126.48
a7011e,United States,32.29,-30.48
ab78e1,United States,92.97,1470.66
ac382e,United States,83.47,655.32
896617,United Arab Emirates,316.39,11635.74
e8040b,Chile,232.84,10706.1
a03399,United States,163.84,4739.64
a7d7f3,United States,197.45,10523.22
a27f7f,United States,75.88,533.4
e8040d,Chile,198.78,10020.3
a40312,United States,175.96,5303.52
018057,Libyan Arab Jamahiriya,174.92,9189.72
e8040c,Chile,245.86,10241.28
ac98ac,United States,161.98,3421.38
896620,United Arab Emirates,148.88,3390.9
ab184a,United States,66.37,1668.78
e80428,Chile,176.55,5897.88
ab184d,United States,1.54,
a0205c,United States,6.94,
89660d,United Arab Emirates,96.36,1242.06
ab5ed8,United States,235.18,9547.86
a0a98f,United States,228.44,8580.12
a57189,United States,44.78,1432.56
ac250b,United States,228.27,6484.62
ab9b13,United States,75.62,350.52
706065,Kuwait,122.78,2773.68
7c7888,Australia,219.67,11711.94
76d1cb,Singapore,219.05,12009.12
706066,Kuwait,229.78,10096.5
485343,Kingdom of the Netherlands,265.35,11071.86
a0f6f9,United States,247.14,11262.36
7c7886,Australia,217.25,10927.08
abaeb2,United States,24.18,
a6ed7f,United States,197.97,10149.84
7c7885,Australia,225.22,
43bea5,United Kingdom,147.81,1783.08
706069,Kuwait,198.01,9479.28
a41632,United States,213.14,10949.94
7811d8,China,204.01,7399.02
aade42,United States,101.78,1950.72
7cae42,Australia,118.48,6438.9
885967,Thailand,246.15,6507.48
885963,Thailand,172.29,4549.14
885962,Thailand,164.83,4610.1
885964,Thailand,252.96,10934.7
4ac8da,Sweden,239.51,8877.3
a7fa2d,United States,222.7,10347.96
ac7ebb,United States,230.23,8625.84
347692,Spain,211.57,10767.06
c01d7e,Canada,0.0,
a29980,United States,224.34,10317.48
780aeb,China,77.17,259.08
a14c70,United States,241.06,9593.58
a894f2,United States,251.45,10896.6
ab52a2,United States,9.26,
a03377,United States,217.42,10789.92
a223ba,United States,233.38,10195.56
a6e140,United States,239.85,11635.74
e80441,Chile,181.99,3550.92
a54926,United States,0.0,
a34fe6,United States,239.53,10302.24
a02c94,United States,241.38,10736.58
70605c,Kuwait,259.16,9738.36
485f83,Kingdom of the Netherlands,268.99,10203.18
a02c91,United States,226.06,11407.14
a369ee,United States,70.55,68.58
a94105,United States,117.22,1798.32
abb5a1,United States,172.5,4716.78
70605f,Kuwait,220.3,9418.32
aa7b54,United States,164.87,3436.62
abb5a3,United States,248.69,9182.1
aaa96f,United States,161.98,3314.7
0d106d,Mexico,191.22,7101.84
a39377,United States,172.94,8763.0
4a0484,Romania,260.34,10957.56
a82cb1,United States,218.48,11330.94
780c8f,China,210.09,6515.1
a38c7c,United States,77.82,
a846bd,United States,57.71,853.44
a76f68,United States,212.54,10485.12
ad56c0,United States,58.71,1325.88
a38c95,United States,87.46,1424.94
c01d2d,Canada,244.19,11620.5
8a09e4,Indonesia,237.48,11666.22
a95fd7,United States,61.43,1005.84
a8df2c,United States,254.61,10934.7
a27380,United States,252.87,11003.28
a08e04,United States,63.73,1310.64
a2605b,United States,279.43,11506.2
abfcb6,United States,215.86,10599.42
8a09ca,Indonesia,221.51,8930.64
34644e,Spain,263.87,9890.76
a5d3c1,United States,40.18,1790.7
a583f5,United States,145.0,3017.52
ab5f87,United States,235.57,8869.68
a2d686,United States,1.54,205.74
a2d688,United States,58.32,1478.28
a95fe9,United States,59.61,617.22
a63c5f,United States,48.32,982.98
8a09be,Indonesia,226.16,11384.28
a700a4,United States,195.13,5897.88
a700a9,United States,141.73,11079.48
34510a,Spain,166.36,3147.06
896597,United Arab Emirates,154.95,2667.0
aa3312,United States,34.16,
c06aaa,Canada,234.02,9509.76
c071a4,Canada,232.94,10881.36
a690a8,United States,129.17,2232.66
a75018,United States,37.04,716.28
a0339f,United States,142.87,1790.7
8a09c3,Indonesia,220.87,6972.3
a210c5,United States,142.91,3390.9
abc96f,United States,241.13,9989.82
ad4fe1,United States,130.59,2636.52
48af0c,Poland,225.04,10439.4
ac1cdd,United States,165.75,9822.18
48af0b,Poland,222.58,11117.58
7cace4,Australia,148.09,5516.88
a52382,United States,177.04,6979.92
abc992,United States,165.86,6637.02
ab4c76,United States,71.0,739.14
a1f0b4,United States,0.0,
a38c66,United States,5.4,
a2c338,United States,10.8,
48af12,Poland,228.71,11041.38
a6b97d,United States,114.35,3268.98
a846d1,United States,131.47,2057.4
ac36ef,United States,208.05,10698.48
a6ecbe,United States,37.59,2087.88
7c168d,Australia,36.26,304.8
e48db2,Brazil,163.6,9387.84
c00a0b,Canada,93.53,571.5
a38019,United States,230.9,9890.76
a15397,United States,238.75,11483.34
a726ee,United States,241.88,12763.5
a4fc13,United States,45.73,647.7
aa3f45,United States,9.77,
86eb72,Japan,233.78,11269.98
461f4e,Finland,248.67,10789.92
7c5e06,Australia,0.0,
89655b,United Arab Emirates,261.4,9745.98
ade313,United States,23.69,922.02
acc330,United States,232.46,12054.84
a38082,United States,184.81,3657.6
a2608a,United States,31.82,1089.66
447c4f,Austria,4.63,
e494f9,Brazil,3.09,
ac7353,United States,0.39,
7cf074,Australia,4.12,
ab4c83,United States,125.77,1219.2
48af05,Poland,235.54,11033.76
461f67,Finland,179.84,6545.58
aa9fbb,United States,193.75,6172.2
a739d8,United States,102.6,1143.0
7500e4,Malaysia,239.07,10043.16
48af00,Poland,186.9,6012.18
a26093,United States,222.26,8519.16
8a09a5,Indonesia,208.12,7993.38
ad9f7f,United States,197.55,9624.06
a058f1,United States,237.52,12542.52
ac733b,United States,196.68,3505.2
a53644,United States,0.0,
89656a,United Arab Emirates,208.73,8229.6
89656d,United Arab Emirates,211.2,10744.2
44cc44,Belgium,231.86,11254.74
a08e3c,United States,224.19,10393.68
34640e,Spain,162.02,5029.2
ad3cdf,United States,265.67,10538.46
e481d8,Brazil,232.18,9951.72
a64305,United States,216.76,10645.14
a09533,United States,246.27,10332.72
461f5a,Finland,143.62,2156.46
a4fc0b,United States,180.34,12976.86
ac10af,United States,279.29,10126.98
a2b05b,United States,146.32,2301.24
a7bf22,United States,188.06,5082.54
a76f43,United States,240.55,8709.66
89653b,United Arab Emirates,275.84,11285.22
a6a627,United States,31.08,45.72
89653a,United Arab Emirates,259.3,11978.64
a2b060,United States,201.88,10995.66
a6ffc2,United States,138.61,7597.14
c0371f,Canada,184.13,4602.48
abaf9f,United States,112.29,899.16
a6ffc3,United States,65.85,205.74
4ca76a,Ireland,179.53,6499.86
a463fd,United States,2.57,373.38
ac23ef,United States,221.9,10629.9
89653c,United Arab Emirates,241.39,11993.88
841400,Japan,11.32,
ac868d,United States,32.04,396.24
781ec3,China,209.98,11041.38
43bf95,United Kingdom,0.45,
896557,United Arab Emirates,236.81,10683.24
4b9907,Turkey,238.65,10584.18
ad933e,United States,68.63,937.26
a66987,United States,147.23,2499.36
896559,United Arab Emirates,156.09,3070.86
781ebd,China,113.21,1493.52
405e24,United Kingdom,237.85,10820.4
0d1078,Mexico,152.78,3581.4
acd675,United States,253.75,12207.24
461f52,Finland,228.7,12405.36
461f53,Finland,269.68,11894.82
461f54,Finland,257.66,11704.32
e48df5,Brazil,265.57,9845.04
ad8c5e,United States,54.97,259.08
a3dc5a,United States,228.69,10035.54
780c0a,China,251.67,
a22539,United States,247.25,11666.22
461f0c,Finland,225.72,11536.68
a07b3e,United States,237.41,7139.94
a8c033,United States,231.68,5768.34
a8d365,United States,239.93,10370.82
7c6fe1,Australia,95.41,2453.64
abfd8c,United States,245.94,8046.72
a08e82,United States,122.59,2880.36
a165d7,United States,101.52,6720.84
a26bb8,United States,128.1,3048.0
a60804,United States,156.61,3756.66
a7506a,United States,248.04,8930.64
a2384b,United States,68.03,297.18
a0f869,United States,127.15,2941.32
a27ebd,United States,87.33,3657.6
7705c6,Sri Lanka,247.8,10561.32
ac249e,United States,77.77,434.34
781f4c,China,243.92,9464.04
8964c3,United Arab Emirates,231.0,9494.52
8964c2,United Arab Emirates,182.68,11010.9
a0e555,United States,3.86,
8964c1,United Arab Emirates,300.1,11742.42
8964c0,United Arab Emirates,241.96,9494.52
c08590,Canada,35.96,1813.56
8964af,United Arab Emirates,266.21,11803.38
a3f5a0,United States,226.62,14653.26
a0823a,United States,52.23,1051.56
a0f86b,United States,112.42,
a9067b,United States,241.35,10248.9
a0f86d,United States,42.81,297.18
adf4ca,United States,41.31,495.3
a57e0e,United States,248.45,11529.06
a178de,United States,195.59,8473.44
a788a2,United States,137.22,12329.16
aaa90c,United States,180.49,5394.96
aa80eb,United States,201.1,5852.16
a02bab,United States,59.68,1356.36
396671,France,18.52,
ac1190,United States,194.8,10233.66
a4c82c,United States,64.75,1706.88
acc1eb,United States,208.54,10843.26
461f08,Finland,0.0,
a08e60,United States,40.07,571.5
780c43,China,222.04,12512.04
a4c838,United States,57.53,556.26
a47809,United States,242.49,11452.86
a33e08,United States,76.74,457.2
a8c028,United States,196.81,11574.78
a03eed,United States,67.63,2651.76
a548e7,United States,40.25,45.72
ac990b,United States,52.71,609.6
addadb,United States,226.22,10035.54
a4b50c,United States,63.17,609.6
4a29f9,Romania,245.35,10393.68
75021e,Malaysia,220.87,11986.26
e49590,Brazil,241.2,12641.58
78132d,China,255.92,8542.02
a52ed0,United States,49.56,685.8
a7ac8f,United States,236.2,10843.26
8964a6,United Arab Emirates,284.62,10111.74
a570da,United States,75.76,2903.22
a392ac,United States,47.57,259.08
c08568,Canada,6.77,190.5
ab5f1b,United States,202.3,11125.2
a0cb68,United States,0.0,
a690bf,United States,216.67,12382.5
a0de99,United States,208.08,9098.28
ad0919,United States,205.06,7764.78
a4a0cf,United States,127.11,1737.36
c08561,Canada,77.76,868.68
c07231,Canada,135.26,4579.62
a4a0cd,United States,184.29,5120.64
a5237f,United States,222.02,8305.8
a7ac54,United States,273.34,11460.48
c035f8,Canada,235.32,10942.32
a32b44,United States,0.06,
a45216,United States,200.34,13403.58
a2bbc6,United States,246.7,10690.86
a402a5,United States,43.24,563.88
7c1687,Australia,53.86,1104.9
ac2fa4,United States,216.16,11704.32
a3d074,United States,152.1,4107.18
76cc75,Singapore,240.58,13251.18
76cc76,Singapore,254.71,12954.0
780c5c,China,253.53,10309.86
a2bbac,United States,197.47,9738.36
a4fc9a,United States,233.32,11010.9
a9ff60,United States,39.7,243.84
ac36a9,United States,2.06,
abb601,United States,118.05,1021.08
ab4c15,United States,249.33,9547.86
c035f3,Canada,146.89,6911.34
a6a66f,United States,28.85,15.24
aa80c0,United States,177.33,4221.48
abc91f,United States,213.27,9464.04
ab5f43,United States,153.68,3703.32
750203,Malaysia,187.0,5547.36
76cc83,Singapore,252.56,10386.06
a33222,United States,63.95,38.1
750206,Malaysia,233.76,11254.74
abaf1e,United States,186.02,10142.22
abc948,United States,195.37,10980.42
a5106e,United States,225.54,9707.88
781363,China,79.84,640.08
aa4694,United States,75.83,2301.24
a1eb32,United States,54.48,1676.4
a1b5e7,United States,269.07,11452.86
a700da,United States,132.92,1531.62
a2bba4,United States,222.74,9700.26
c06b75,Canada,133.3,6271.26
a2bba8,United States,261.19,10904.22
a33e4a,United States,252.53,10546.08
a09590,United States,245.3,10888.98
a45e1c,United States,42.69,1021.08
a8df4b,United States,285.28,9387.84
abb624,United States,244.08,11513.82
a1057a,United States,183.89,5021.58
a2254e,United States,48.12,822.96
a6e0c9,United States,124.51,1752.6
ac7f41,United States,0.0,
e49527,Brazil,213.69,8351.52
a33272,United States,155.15,2903.22
e49528,Brazil,267.42,9959.34
ac0c41,United States,0.64,
ac1f75,United States,276.79,13807.44
ac1f76,United States,68.54,1386.84
a57e87,United States,255.37,10195.56
a44b5e,United States,98.94,3566.16
c024c5,Canada,231.34,11155.68
c81cf0,New Zealand,42.7,259.08
a918e5,United States,105.05,2964.18
e4950e,Brazil,193.13,10904.22
507cb1,Uzbekistan,211.18,6736.08
507cb0,Uzbekistan,212.47,10111.74
aa833c,United States,141.5,4183.38
a51bf5,United States,0.51,365.76
aa7c64,United States,247.59,10210.8
8a092a,Indonesia,231.32,11353.8
ac73b1,United States,138.01,2141.22
a34591,United States,145.86,9425.94
a5d54e,United States,74.47,586.74
ab53e4,United States,229.54,10081.26
c06d48,Canada,253.8,10035.54
c01dcb,Canada,232.44,12115.8
a6ee47,United States,0.0,
341682,Spain,198.25,10218.42
846444,Japan,187.32,12100.56
ab9024,United States,3.34,
a2258b,United States,66.04,274.32
840df8,Japan,301.66,9822.18
a5d570,United States,203.67,5806.44
acc3b4,United States,188.39,6842.76
a9b806,United States,246.53,13441.68
ac0c64,United States,7.2,
a81b2a,United States,250.63,9738.36
a63bf4,United States,182.03,8671.56
a3323d,United States,202.71,6705.6
c0611f,Canada,258.81,11468.1
aae67b,United States,285.79,13472.16
484cba,Kingdom of the Netherlands,295.52,10096.5
8a090b,Indonesia,221.81,8778.24
a5c237,United States,250.34,7139.94
e48e0a,Brazil,187.66,7757.16
70612c,Kuwait,219.74,9486.9
a6f54c,United States,44.67,434.34
8a090a,Indonesia,228.81,10728.96
42450e,United Kingdom,215.54,11605.26
ac73e7,United States,4.89,
a7fb19,United States,190.85,10538.46
8a0919,Indonesia,179.01,4053.84
ac0027,United States,86.52,1386.84
a1a2e0,United States,284.64,7665.72
e4950d,Brazil,85.15,1143.0
75029c,Malaysia,252.14,11673.84
abec4d,United States,235.55,11795.76
a6ee69,United States,52.48,1021.08
a8352b,United States,10.8,
abff87,United States,221.5,10447.02
a33243,United States,208.14,11231.88
ab40ce,United States,232.45,9966.96
aa7c30,United States,52.4,548.64
a72837,United States,201.63,11551.92
4065de,United Kingdom,215.45,10553.7
76cd04,Singapore,151.52,2621.28
8a0908,Indonesia,240.11,10066.02
a0473e,United States,175.28,7642.86
a4ae44,United States,57.19,807.72
76cd06,Singapore,255.01,11155.68
a4c84d,United States,30.56,
a4ae48,United States,69.12,1005.84
a60852,United States,202.12,6797.04
a45297,United States,38.34,1013.46
a76eb5,United States,174.44,4724.4
a02d40,United States,32.73,419.1
478f5c,Norway,261.96,11483.34
a96817,United States,213.1,5143.5
ab40f0,United States,228.12,10607.04
7c78ac,Australia,253.98,11262.36
7c78aa,Australia,243.79,11315.7
ad201e,United States,118.46,845.82
7c1830,Australia,238.53,11940.54
75027f,Malaysia,173.48,2887.98
7c1831,Australia,195.04,4792.98
7c78ad,Australia,67.12,358.14
75027c,Malaysia,212.33,7139.94
a72833,United States,211.0,9654.54
750288,Malaysia,222.97,11338.56
7c78a9,Australia,114.26,1158.24
ab905c,United States,211.6,10911.84
a5bb17,United States,222.12,9494.52
8965f5,United Arab Emirates,188.26,3589.02
750264,Malaysia,184.98,10767.06
a5ce40,United States,248.15,10279.38
a668ee,United States,168.58,6644.64
845d1c,Japan,261.44,12153.9
7c78b2,Australia,0.06,
a57e5c,United States,68.11,190.5
7c78b0,Australia,222.25,7703.82
a57229,United States,242.03,10469.88
a69e60,United States,40.93,220.98
acb0b6,United States,225.4,9982.2
aa8f28,United States,83.5,2895.6
4078de,United Kingdom,248.1,10866.12
a5bb26,United States,154.13,8839.2
478f47,Norway,257.24,10835.64
44ccd1,Belgium,210.71,7094.22
478f43,Norway,267.96,12085.32
75025c,Malaysia,150.12,2849.88
aa3fb2,United States,39.21,2133.6
a4ae5f,United States,86.87,4693.92
44ccca,Belgium,255.84,8846.82
a9ec7f,United States,192.06,10180.32
c00b9d,Canada,5.92,
a9558d,United States,280.38,13746.48
7c530f,Australia,126.79,1653.54
a19ab1,United States,242.56,10942.32
7c531c,Australia,235.62,9060.18
ac5a94,United States,207.55,5585.46
e80337,Chile,232.58,11186.16
a0345f,United States,230.85,9433.56
a1b740,United States,166.78,3573.78
7c16d4,Australia,66.08,259.08
3cc246,Germany,240.85,12344.4
e480f9,Brazil,141.14,2339.34
87aad4,Japan,11.83,
ac390f,United States,224.68,9944.1
84b495,Japan,176.5,9616.44
7c530c,Australia,157.51,6111.24
aa7081,United States,157.96,9052.56
461fa5,Finland,245.72,11049.0
7c5301,Australia,102.61,1325.88
780bc9,China,191.8,4709.16
a3ca01,United States,5.66,
c81e27,New Zealand,8.23,
a28749,United States,167.14,3360.42
ab5faa,United States,166.64,3307.08
a2d710,United States,81.28,769.62
7c5307,Australia,130.39,5532.12
a53742,United States,246.92,9784.08
a8d2d5,United States,142.77,5692.14
a9fef5,United States,46.4,670.56
780bd6,China,202.32,8176.26
e480d1,Brazil,166.91,4617.72
a82298,United States,243.18,10454.64
a50a08,United States,55.56,617.22
ad816b,United States,121.53,2598.42
8a0998,Indonesia,234.11,11384.28
7caf15,Australia,9.77,
50848a,Ukraine,239.08,11468.1
a51d2d,United States,11.36,182.88
40665e,United Kingdom,215.04,11391.9
acb177,United States,253.0,13312.14
780be1,China,182.75,3550.92
a117ec,United States,98.29,2049.78
add150,United States,144.64,1668.78
ab79de,United States,0.0,
a2b10b,United States,84.37,1417.32
8a097c,Indonesia,237.71,10058.4
a41779,United States,54.85,586.74
a895eb,United States,249.17,9540.24
aa8390,United States,217.13,6088.38
7c03f9,Australia,214.0,11094.72
074045,Seychelles,178.95,5722.62
896727,United Arab Emirates,139.95,2026.92
845d88,Japan,277.62,11041.38
a2b112,United States,2.83,
accfa1,United States,75.48,2606.04
85d42c,Japan,100.44,1699.26
aaf960,United States,209.15,10233.66
ab1971,United States,186.45,10904.22
a40434,United States,38.24,563.88
a762d3,United States,138.83,6377.94
ab1978,United States,123.35,1013.46
c87ee8,New Zealand,0.0,
c06be3,Canada,228.89,10203.18
a6db3f,United States,31.9,198.12
7c5356,Australia,182.86,8900.16
a331a3,United States,47.73,281.94
7c4024,Australia,59.82,381.0
a224fa,United States,274.18,11963.4
84b451,Japan,168.63,11506.2
7812e8,China,177.78,3451.86
abb6a8,United States,55.16,220.98
c0256e,Canada,87.2,541.02
ab5fdd,United States,210.86,10180.32
c01e95,Canada,145.54,7947.66
a32ac6,United States,201.41,9174.48
7c534f,Australia,134.23,6431.28
7c534d,Australia,139.04,5455.92
a8ded6,United States,276.95,11841.48
accfac,United States,44.43,213.36
a081ca,United States,242.78,11422.38
8a095b,Indonesia,245.62,11727.18
70aa6f,Nepal,253.31,10866.12
ab66cd,United States,69.65,4015.74
ac0c24,United States,95.82,845.82
c00b7d,Canada,94.58,838.2
a38d49,United States,7.2,
a14d78,United States,9.77,
ac1301,United States,237.81,10904.22
a96877,United States,87.09,1120.14
8a094f,Indonesia,222.09,8282.94
501c08,Croatia,175.88,3550.92
abff33,United States,213.04,5829.3
aaf974,United States,223.72,7772.4
84c790,Japan,173.06,11490.96
8a094d,Indonesia,195.08,6362.7
a5bb9d,United States,213.38,12832.08
896718,United Arab Emirates,247.84,11285.22
abafe1,United States,60.39,106.68
a38d36,United States,178.0,10043.16
a344b3,United States,53.62,289.56
a0ddfb,United States,7.2,
ace9ba,United States,209.17,5798.82
84b473,Japan,168.03,9723.12
89670a,United Arab Emirates,219.95,9540.24
8a093b,Indonesia,233.95,9166.86
8a093c,Indonesia,237.82,10607.04
a8deda,United States,249.47,9083.04
70aa71,Nepal,6.17,
a5bb8e,United States,28.83,83.82
c07ee6,Canada,237.48,11064.24
ac741c,United States,200.58,9540.24
89405e,Bahrain,208.14,7574.28
0201a0,Morocco,218.19,11468.1
a3f79c,United States,144.1,3368.04
a88429,United States,214.26,9707.88
a2b157,United States,220.05,10706.1
a4b4dc,United States,125.14,1478.28
a451cb,United States,203.32,11353.8
484120,Kingdom of the Netherlands,268.13,13502.64
a82dbd,United States,238.87,10660.38
a584ef,United States,57.22,1333.5
aa477b,United States,240.87,9654.54
abfdaf,United States,212.63,11894.82
e49fd7,Brazil,257.83,11315.7
a38d8f,United States,190.04,10279.38
407943,United Kingdom,233.5,11468.1
aa7ac8,United States,146.98,1905.0
a2b150,United States,226.36,6850.38
a2b153,United States,226.28,11140.44
a2b151,United States,243.31,10241.28
a74a0d,United States,28.2,160.02
ab04f3,United States,192.34,11452.86
a059ce,United States,267.62,11734.8
a7ad0d,United States,267.24,10576.56
4ca645,Ireland,231.83,10965.18
ab04f9,United States,229.09,11612.88
a954ae,United States,159.23,8503.92
ad3dc4,United States,57.65,1600.2
ad57d9,United States,2.31,
a03fc9,United States,193.31,13037.82
a2b12e,United States,250.02,10683.24
ac24e4,United States,121.41,1318.26
478de3,Norway,48.11,342.9
a82df6,United States,288.65,12039.6
ab678e,United States,81.3,1143.0
a5cdfd,United States,62.94,701.04
a3e48c,United States,49.94,350.52
a2b136,United States,104.25,822.96
a2b133,United States,219.98,11262.36
a3813b,United States,81.75,853.44
4ca615,Ireland,131.2,2407.92
ac6118,United States,0.0,
a37a62,United States,213.97,12755.88
a86a28,United States,66.56,533.4
a967ae,United States,8.23,
e49fb4,Brazil,216.65,
abfded,United States,40.69,1074.42
ac11c6,United States,224.61,12428.22
c02552,Canada,107.68,838.2
aa7aa6,United States,264.78,12565.38
a32acf,United States,246.79,10530.84
152c2e,Russian Federation,241.97,
c07ef2,Canada,209.13,11826.24
c00b35,Canada,280.2,11658.6
a2aa3a,United States,54.78,1363.98
abfdf8,United States,2.06,
a50a87,United States,47.02,998.22
8462c4,Japan,241.11,6256.02
a50a88,United States,244.7,10378.44
4bccb5,Turkey,189.35,11018.52
ab9af3,United States,257.0,7802.88
c07eef,Canada,214.57,10660.38
c07eee,Canada,228.93,11917.68
a26161,United States,28.52,259.08
c085e0,Canada,117.3,2278.38
abb76d,United States,0.0,
a4ea76,United States,58.66,1699.26
845be4,Japan,70.52,434.34
acbd69,United States,116.03,990.6
7c29d5,Australia,241.13,7741.92
a51d46,United States,50.95,434.34
a9429e,United States,61.22,1706.88
acb10a,United States,264.12,10675.62
a286a8,United States,60.05,998.22
34520f,Spain,213.16,10302.24
c01e13,Canada,233.99,11879.58
e480a2,Brazil,143.63,2796.54
ac5a4a,United States,221.6,11902.44
c01e11,Canada,236.71,11879.58
a0cc06,United States,1.8,
407992,United Kingdom,7.72,
448466,Belgium,0.0,274.32
ae5df0,United States,188.58,5737.86
896697,United Arab Emirates,217.66,9494.52
acb124,United States,109.95,1043.94
a3819d,United States,75.83,739.14
a08f62,United States,151.85,6202.68
ac878c,United States,2.06,
a727bb,United States,48.45,533.4
a6a711,United States,172.58,3779.52
a3ca1a,United States,73.57,403.86
ac6d8c,United States,57.12,2339.34
a2b198,United States,249.91,10736.58
ab415e,United States,212.46,11841.48
a0a9f8,United States,102.72,876.3
a2b196,United States,263.99,10233.66
40796b,United Kingdom,223.55,11399.52
a033ae,United States,216.17,10896.6
a3d10f,United States,227.76,10690.86
a2b17a,United States,255.84,10927.08
a046f2,United States,145.31,8161.02
a9a58b,United States,238.35,11346.18
a3d126,United States,144.14,4983.48
a059e3,United States,232.57,10500.36
896665,United Arab Emirates,83.11,83.82
a4fd3d,United States,52.72,563.88
a27fa1,United States,72.32,1661.16
c2b3f5,Canada,201.78,7338.06
a63d42,United States,265.1,9006.84
a10614,United States,191.92,7444.74
ac5a73,United States,206.03,11833.86
841520,Japan,250.86,10523.22
896679,United Arab Emirates,224.8,10706.1
7501f9,Malaysia,294.77,12283.44
a56abf,United States,57.52,1196.34
ad945a,United States,0.19,
a2b176,United States,206.28,10020.3
c01e28,Canada,190.27,9563.1
ad2aed,United States,232.76,10287.0
780cb7,China,279.99,10294.62
700007,Afghanistan,271.47,10401.3
a6a72c,United States,31.29,464.82
ac748a,United States,261.95,10439.4
a51d6a,United States,54.37,502.92
a0e607,United States,211.93,9502.14
e0b392,Argentina,198.03,11551.92
a3e473,United States,179.58,11795.76
e0b391,Argentina,231.9,12336.78
780d2b,China,271.58,10858.5
c010ea,Canada,224.61,9349.74
a9914d,United States,45.27,739.14
76cd46,Singapore,255.6,12565.38
8965d3,United Arab Emirates,191.54,11049.0
8965d1,United Arab Emirates,197.74,10988.04
8965d0,United Arab Emirates,188.25,5593.08
a22652,United States,42.4,350.52
a9da3f,United States,50.0,1066.8
a166f9,United States,39.85,861.06
86ebd8,Japan,247.98,12649.2
a9f461,United States,244.37,6416.04
7c77f7,Australia,237.52,12580.62
a0d326,United States,39.56,1021.08
a32c1e,United States,251.56,10203.18
a0967c,United States,66.88,1219.2
888218,Viet Nam,219.08,10294.62
a033f9,United States,224.1,6827.52
a20008,United States,229.08,12633.96
a0d344,United States,212.14,8229.6
a22669,United States,196.86,4815.84
a3dca4,United States,40.7,967.74
a9ed95,United States,31.9,220.98
c06c8a,Canada,151.75,6339.84
ae4b5a,United States,0.51,121.92
a6319f,United States,186.43,5151.12
c0737c,Canada,206.24,11765.28
a19c4b,United States,44.16,1043.94
a88491,United States,32.62,1143.0
152065,Russian Federation,213.46,10012.68
a03fff,United States,0.0,
8832cb,Thailand,225.79,8884.92
a56c19,United States,235.08,9166.86
a99d87,United States,248.59,11125.2
a7a17b,United States,119.88,685.8
a46603,United States,139.15,3139.44
a57f42,United States,207.84,7147.56
a08f6b,United States,103.69,1173.48
aa59a5,United States,0.0,
a8d465,United States,243.62,9296.4
abeb9f,United States,246.46,11551.92
780d68,China,193.34,4084.32
8832d3,Thailand,259.01,10675.62
8832d0,Thailand,223.97,11018.52
a1ec13,United States,62.93,441.96
76cd70,Singapore,260.1,10568.94
750333,Malaysia,126.96,1341.12
152079,Russian Federation,249.85,7604.76
750338,Malaysia,228.67,13228.32
76cd75,Singapore,227.78,6294.12
abf29f,United States,245.24,10866.12
8832ba,Thailand,179.73,4968.24
c06079,Canada,46.33,518.16
a39fb7,United States,185.66,10904.22
8965c2,United Arab Emirates,290.71,11719.56
a70f11,United States,236.45,10256.52
75033d,Malaysia,189.82,6202.68
75033c,Malaysia,229.86,10767.06
a22642,United States,217.34,10424.16
a8cd7c,United States,51.98,533.4
a1afc9,United States,51.54,388.62
a2cfa2,United States,196.47,5775.96
7c0405,Australia,3.09,
c06080,Canada,3.86,
0d82be,Venezuela,0.64,
a35949,United States,0.0,
a5cf1b,United States,244.42,10294.62
8965c3,United Arab Emirates,222.26,8046.72
89409f,Bahrain,290.29,12473.94
a88467,United States,217.67,9685.02
e4818b,Brazil,265.03,9875.52
ab6737,United States,229.5,7627.62
a74a5a,United States,98.4,1059.18
c06022,Canada,261.59,10553.7
a9a4c2,United States,218.4,10767.06
a9f424,United States,232.19,8831.58
e48199,Brazil,1.8,
7cade1,Australia,249.44,13098.78
e4819c,Brazil,106.75,1722.12
c06c4f,Canada,92.22,1188.72
a941c0,United States,6.17,
c08677,Canada,228.93,13898.88
4b850c,Turkey,246.3,12161.52
748016,Lebanon,226.13,8884.92
abb721,United States,55.45,861.06
a1ff90,United States,231.03,8366.76
aa7aeb,United States,0.0,
a9ed3f,United States,44.29,1249.68
7cadd8,Australia,81.23,1836.42
a3efa2,United States,144.94,4328.16
a2c3b2,United States,49.56,914.4
a1901c,United States,36.67,1295.4
7c77ff,Australia,205.92,12123.42
7c77fd,Australia,238.0,11849.1
89407a,Bahrain,89.97,769.62
ac8735,United States,268.61,14013.18
a821e1,United States,52.69,502.92
c010e4,Canada,111.23,1432.56
894097,Bahrain,275.91,12420.6
a967eb,United States,263.02,11231.88
a33339,United States,227.68,10500.36
ab674b,United States,176.97,3337.56
a45f59,United States,111.94,807.72
894098,Bahrain,279.38,12153.9
a2e9fd,United States,5.4,
a86a66,United States,222.96,10911.84
a9f409,United States,41.26,350.52
ac37bd,United States,200.76,10515.6
152034,Russian Federation,30.15,9098.28
a7fae4,United States,30.19,472.44
8462ee,Japan,109.81,1470.66
a153de,United States,155.12,4206.24
a7ad7c,United States,202.16,9715.5
89408f,Bahrain,224.16,9060.18
ab3a0c,United States,257.19,9265.92
a416be,United States,142.55,2857.5
89408d,Bahrain,254.63,11018.52
8a08cf,Indonesia,161.3,6781.8
3450d8,Spain,232.31,9273.54
a1b6f9,United States,27.28,655.32
a393b1,United States,247.96,12801.6
a3a93b,United States,215.38,7962.9
c06c84,Canada,127.07,3124.2
a4794e,United States,8.23,
c06c82,Canada,118.98,4419.6
a33327,United States,226.04,10629.9
ab9ab3,United States,216.8,10820.4
a140be,United States,52.72,304.8
a8aac8,United States,236.74,8359.14
a3e911,United States,190.88,10881.36
a66a87,United States,66.38,556.26
a086ce,United States,223.79,10111.74
a80146,United States,83.37,1722.12
ac52ee,United States,198.79,8755.38
a0cfbd,United States,202.4,8663.94
aa5b9d,United States,93.55,3581.4
a621f8,United States,40.72,632.46
aceb61,United States,255.63,12024.36
a9ddd6,United States,57.62,3360.42
a52911,United States,187.53,4267.2
c0669e,Canada,177.45,10934.7
a981ad,United States,250.0,12900.66
ac52f2,United States,84.88,685.8
a92d6d,United States,267.33,10866.12
ad2573,United States,193.08,7642.86
ac4bfe,United States,209.4,6972.3
7c3a8d,Australia,0.06,
a7a4e6,United States,217.45,9913.62
a01f73,United States,78.91,822.96
acb5f4,United States,68.12,411.48
a981c7,United States,71.49,2895.6
04018f,Ethiopia,278.4,11925.3
89907c,Taiwan,129.97,1386.84
3b7766,France,219.34,9768.84
a2c90d,United States,244.31,10431.78
adc2a4,United States,1.54,
a9e4bc,United States,41.15,213.36
a32fa7,United States,268.27,7833.36
a12c23,United States,189.43,7780.02
a03995,United States,276.31,13312.14
a874e1,United States,241.71,10431.78
a6c12f,United States,71.89,266.7
adc2a7,United States,242.99,11231.88
a42a91,United States,8.75,
a349a6,United States,35.83,571.5
84655a,Japan,178.45,10866.12
a8aaa5,United States,194.8,4777.74
a81490,United States,120.1,4236.72
89904e,Taiwan,298.0,10378.44
a80162,United States,227.36,11490.96
a2791e,United States,192.59,6385.56
a1d18f,United States,263.13,10835.64
4b8467,Turkey,95.34,281.94
869210,Japan,123.79,1104.9
040168,Ethiopia,227.86,9997.44
a0d6a8,United States,7.46,
89905b,Taiwan,197.59,4419.6
c04052,Canada,240.54,10561.32
a491f1,United States,5.92,
872841,Japan,159.39,3055.62
a8c4d8,United States,0.9,
c0404e,Canada,227.17,10988.04
aceb76,United States,68.94,274.32
aca2f1,United States,138.28,2316.48
ad0b7f,United States,230.7,13190.22
c07998,Canada,3.86,
89902f,Taiwan,243.79,9166.86
a38641,United States,96.81,2004.06
a1a986,United States,1.8,
89902c,Taiwan,308.39,11292.84
a6e767,United States,211.2,5372.1
89902d,Taiwan,282.24,10447.02
89902a,Taiwan,66.46,914.4
a32fda,United States,86.98,739.14
a060ae,United States,198.07,6370.32
a2af59,United States,218.92,6682.74
a86dd9,United States,28.8,0.0
706202,Kuwait,271.46,12405.36
4075b3,United Kingdom,3.6,
8940ce,Bahrain,212.68,8244.84
4075b4,United Kingdom,277.65,10767.06
a31cc9,United States,25.09,45.72
0d0873,Mexico,222.59,11910.06
a6e75b,United States,289.44,8557.26
a80d41,United States,117.6,5654.04
c003bb,Canada,11.42,213.36
a32ff6,United States,247.77,11338.56
a00c80,United States,222.37,10584.18
706214,Kuwait,12.86,
a14689,United States,58.32,2933.7
a0d6fb,United States,175.06,6515.1
846516,Japan,14.4,
a621ba,United States,56.19,876.3
adc2dd,United States,247.21,11628.12
a1efe7,United States,207.62,10629.9
a00c7a,United States,240.42,10347.96
706212,Kuwait,240.06,9601.2
a2af2a,United States,130.07,868.68
78150b,China,246.76,11277.6
a874a4,United States,251.85,11315.7
a8fa07,United States,249.66,11437.62
a00047,United States,207.78,12435.84
4d012f,Luxembourg,230.99,10096.5
c8195b,New Zealand,91.81,4617.72
4d012e,Luxembourg,237.7,9166.86
040151,Ethiopia,243.78,11788.14
899053,Taiwan,205.68,10927.08
a0265d,United States,217.51,9662.16
4d0112,Luxembourg,300.16,10698.48
a2795f,United States,48.83,548.64
a86df1,United States,75.68,5760.72
4d0115,Luxembourg,249.29,11673.84
4d0114,Luxembourg,249.59,9570.72
a80d5e,United States,87.11,541.02
a79d78,United States,215.2,10690.86
4d0118,Luxembourg,274.63,8694.42
899019,Taiwan,5.66,
a6c120,United States,219.67,9441.18
a2c93f,United States,105.05,1097.28
a086ec,United States,107.14,3688.08
a1463a,United States,193.49,8610.6
ad129d,United States,38.69,518.16
70620e,Kuwait,213.51,9494.52
a7da0f,United States,179.57,12367.26
c1e939,Canada,2.06,
899020,Taiwan,138.62,2567.94
a2c92b,United States,221.74,10652.76
a2af23,United States,179.13,4526.28
4d0128,Luxembourg,137.36,3672.84
7c79b5,Australia,71.17,1821.18
49d3d5,Czech Republic,249.96,10012.68
a79122,United States,255.28,8663.94
a02681,United States,85.99,1127.76
899038,Taiwan,254.45,9212.58
a36c00,United States,66.88,1790.7
c05f94,Canada,225.71,4411.98
a68485,United States,200.15,10027.92
8940ba,Bahrain,213.98,11178.54
899031,Taiwan,258.4,10904.22
a0267b,United States,251.15,10881.36
a3cf6d,United States,21.09,
781ff6,China,214.67,10835.64
406f7c,United Kingdom,253.14,10774.68
acfe09,United States,198.01,6080.76
346195,Spain,243.76,11597.64
406f7a,United Kingdom,39.51,11064.24
a2fcf2,United States,190.67,10439.4
0d081c,Mexico,0.0,
780cbe,China,166.74,8961.12
ac5eb4,United States,230.3,11353.8
a13386,United States,263.43,11437.62
a75634,United States,91.34,579.12
a24c77,United States,229.16,10980.42
c029dd,Canada,168.85,4556.76
a2536f,United States,264.72,12047.22
a5b3a7,United States,207.5,9425.94
7c4d3f,Australia,120.5,6118.86
c00fab,Canada,110.91,2438.4
a7e18a,United States,209.14,9052.56
406f76,United Kingdom,157.05,2788.92
a6496b,United States,3.6,
76cce7,Singapore,272.7,11772.9
a62f61,United States,130.09,1402.08
406f77,United Kingdom,280.14,12611.1
7813c1,China,258.18,11247.12
a6dfaa,United States,221.32,9966.96
a2668b,United States,127.33,2491.74
406f72,United Kingdom,287.87,11574.78
a959cf,United States,241.62,11338.56
a683a8,United States,0.0,
a37347,United States,175.44,4792.98
c07973,Canada,210.28,9974.58
c07971,Canada,178.69,10210.8
a1d0a3,United States,139.15,2415.54
a5b3b1,United States,10.29,
7502c3,Malaysia,246.44,12275.82
a5299c,United States,3.25,205.74
7c6750,Australia,93.84,1036.32
5140d5,Georgia,251.57,11635.74
34615a,Spain,265.09,12550.14
acaec8,United States,13.38,
5140d2,Georgia,0.0,
a37335,United States,224.08,11292.84
5140d1,Georgia,31.91,8785.86
7800a9,China,254.69,10728.96
7502ad,Malaysia,139.26,853.44
5140bc,Georgia,0.32,
a5bfff,United States,155.45,2918.46
507c98,Uzbekistan,229.25,10660.38
a7a616,United States,259.48,10447.02
abd204,United States,195.3,8808.72
a336e3,United States,217.02,10751.82
aba8f6,United States,59.47,518.16
a85c01,United States,215.04,10066.02
ac65bb,United States,226.36,10081.26
a336f0,United States,243.65,10256.52
a5b3ad,United States,105.38,853.44
a4ef90,United States,106.75,975.36
a719ff,United States,186.51,11315.7
0d0866,Mexico,223.37,12001.5
a50369,United States,0.0,
aba8ff,United States,227.17,10873.74
a06e19,United States,192.61,13380.72
ad385f,United States,251.09,11018.52
c05f01,Canada,165.32,6819.9
a48048,United States,50.95,2278.38
c07915,Canada,160.98,7269.48
acf207,United States,255.25,11391.9
a8aaff,United States,224.6,10073.64
a37389,United States,276.9,8961.12
7502b2,Malaysia,101.29,1828.8
ad1218,United States,216.13,8999.22
a24082,United States,242.37,11780.52
a7da5f,United States,242.91,9738.36
ab9583,United States,33.07,800.1
ad3870,United States,217.25,10058.4
ac5efa,United States,242.0,11079.48
407698,United Kingdom,147.82,3177.54
407699,United Kingdom,286.63,10911.84
a7da9c,United States,222.28,6682.74
ac4bdd,United States,0.0,
a4dc11,United States,3.86,
a3cf4f,United States,2.57,
7c3a3c,Australia,30.11,137.16
aa2701,United States,221.94,11231.88
7800e8,China,202.88,8001.0
a5fc04,United States,63.8,304.8
c05f0c,Canada,211.27,11399.52
a443e8,United States,101.35,1173.48
a310cf,United States,68.38,853.44
a24c99,United States,173.17,3482.34
851bfe,Japan,188.67,4716.78
a2b691,United States,231.63,11811.0
abe579,United States,208.37,9898.38
a2f0aa,United States,249.19,10942.32
c05f04,Canada,164.67,5547.36
7c6783,Australia,225.19,8465.82
0d080e,Mexico,188.94,11986.26
a4dc0d,United States,52.78,1569.72
a6f9b3,United States,0.0,
a4e307,United States,243.65,10972.8
a06e11,United States,90.1,1524.0
ac52e2,United States,246.41,12146.28
a49f89,United States,208.94,11772.9
aca33f,United States,245.18,12252.96
a9cc41,United States,240.37,10965.18
a20519,United States,83.34,2636.52
add667,United States,3.86,
a8a017,United States,221.17,10561.32
a05b1a,United States,126.56,2903.22
a670da,United States,182.0,9227.82
a038ff,United States,151.87,5273.04
c051e6,Canada,248.14,11841.48
a0753b,United States,58.92,281.94
abe3e6,United States,265.92,10850.88
a5f064,United States,2.12,1394.46
ac668d,United States,214.97,5722.62
a9e65d,United States,48.37,1409.7
ab80f4,United States,0.0,
a7302f,United States,209.07,9997.44
ac4c8a,United States,237.98,11407.14
a17b16,United States,211.03,10492.74
ac5378,United States,203.88,8656.32
508404,Ukraine,81.56,632.46
c051d1,Canada,249.75,10477.5
a06e71,United States,6.94,
845ce4,Japan,192.38,7848.6
a6d3f2,United States,262.96,12778.74
ac536c,United States,292.54,12039.6
a813e9,United States,202.48,5120.64
7c52fa,Australia,8.23,
7c52fb,Australia,7.72,
84c6cf,Japan,61.36,2186.94
a07522,United States,221.58,10027.92
7c52ff,Australia,86.17,807.72
a98f6a,United States,217.83,9951.72
a158c9,United States,226.88,8839.2
3a3cb2,France,116.2,3528.06
a8bf73,United States,162.8,2903.22
a8ac42,United States,208.92,6690.36
adb014,United States,240.25,10683.24
c051da,Canada,234.27,9616.44
a3e8d2,United States,38.01,434.34
76cda4,Singapore,258.54,11071.86
508429,Ukraine,231.75,10835.64
aca362,United States,121.61,5158.74
acf0db,United States,243.56,11452.86
a8d965,United States,259.37,6835.14
a5035b,United States,74.22,464.82
8881de,Viet Nam,239.64,13144.5
a8b305,United States,137.0,1569.72
a2f200,United States,268.36,12237.72
a44521,United States,216.12,10721.34
aa60af,United States,296.35,10393.68
a813aa,United States,56.53,883.92
c077f9,Canada,65.19,838.2
ab58b2,United States,7.72,
c064d8,Canada,225.84,9883.14
76cdb2,Singapore,234.06,10050.78
a31216,United States,204.7,11719.56
a2fe2d,United States,147.02,7231.38
394a04,France,268.29,10325.1
a62f93,United States,86.43,518.16
76cdb6,Singapore,64.78,601.98
a50370,United States,261.59,11300.46
a0757f,United States,231.0,9928.86
a670a3,United States,176.53,4396.74
a1f884,United States,203.41,7117.08
a05b78,United States,213.32,11391.9
394a06,France,224.18,8907.78
8881e1,Viet Nam,238.35,11330.94
394a05,France,1.8,
a252a7,United States,181.67,4457.7
a826e9,United States,238.06,10111.74
a5f022,United States,166.1,3314.7
a6d3c2,United States,229.34,9906.0
a37ed3,United States,134.29,2179.32
76cdab,Singapore,224.46,11795.76
c01761,Canada,119.57,3611.88
76cdae,Singapore,212.48,5052.06
aa1f97,United States,254.93,8267.7
c0174d,Canada,233.57,11567.16
a1e52a,United States,50.46,701.04
a4d040,United States,204.16,9951.72
c0175a,Canada,233.4,9944.1
394a15,France,172.14,4008.12
394a14,France,280.84,10218.42
7c6727,Australia,44.09,1668.78
7c4d13,Australia,121.8,3261.36
ac407d,United States,249.18,10347.96
a2fe30,United States,239.41,8435.34
a25eea,United States,50.88,457.2
c05dd8,Canada,239.99,9890.76
ad10ec,United States,5.66,
a4e35b,United States,84.3,3276.6
a2fe28,United States,10.29,
a12bc7,United States,35.08,434.34
a7f3c5,United States,289.89,13754.1
a86f86,United States,34.82,1371.6
c051c6,Canada,221.96,10553.7
86e184,Japan,119.76,1752.6
a7a666,United States,74.51,647.7
a385b0,United States,36.76,167.64
a6c0b8,United States,203.56,12893.04
aa3994,United States,169.81,4320.54
a2fe21,United States,95.36,1569.72
a37ec4,United States,233.25,9951.72
a37eb0,United States,222.26,10767.06
a0b20e,United States,227.34,10675.62
ad1e05,United States,220.22,10721.34
a25ebf,United States,50.68,579.12
aa73b9,United States,155.83,5875.02
a61c8a,United States,45.95,289.56
a0ab2a,United States,64.58,365.76
a7699a,United States,49.34,1211.58
a97c18,United States,257.07,11079.48
a07579,United States,213.18,8442.96
ab7b02,United States,189.14,11841.48
a6cce2,United States,52.36,975.36
a80ce8,United States,37.26,1432.56
a1954d,United States,62.64,1592.58
a4e389,United States,218.92,11414.76
a1cb05,United States,223.57,10607.04
a61c93,United States,100.61,2278.38
c05da4,Canada,88.76,1120.14
aa6e58,United States,200.71,11056.62
a55220,United States,132.44,1996.44
ab2c0b,United States,164.33,6888.48
c0171a,Canada,137.16,1676.4
aacfbe,United States,243.68,10591.8
a29b84,United States,55.83,662.94
a372e0,United States,217.67,10012.68
a6ce36,United States,236.54,6819.9
a2eb55,United States,56.13,419.1
a0628f,United States,215.88,9768.84
a4454e,United States,32.38,525.78
a42b45,United States,219.35,9357.36
a70848,United States,3.34,
aa38f8,United States,46.93,708.66
ac5f42,United States,251.8,11574.78
750492,Malaysia,233.46,10713.72
ab93a5,United States,248.7,9022.08
a5521c,United States,221.25,6339.84
a5787c,United States,36.49,403.86
a43e5e,United States,211.02,10477.5
a31e85,United States,83.65,1310.64
899016,Taiwan,245.88,10142.22
5082f0,Ukraine,115.18,2324.1
ac6622,United States,175.59,3390.9
a3c2d5,United States,107.52,1531.62
a82825,United States,46.27,1005.84
78021b,China,155.99,3215.64
ac7952,United States,7.2,
899017,Taiwan,0.0,
ad7f11,United States,92.24,1242.06
a2b5da,United States,268.17,9258.3
899014,Taiwan,226.27,11132.82
a42b32,United States,181.31,11277.6
a6985d,United States,257.35,12862.56
a4453e,United States,229.84,10226.04
c01725,Canada,11.32,
ac4c21,United States,247.39,11049.0
a44548,United States,220.97,11483.34
a385da,United States,200.02,11513.82
aa883e,United States,86.43,2004.06
780233,China,193.56,11346.18
394a0a,France,0.51,
394a0e,France,257.96,9837.42
a44540,United States,251.46,10927.08
75044b,Malaysia,256.33,11018.52
c0173f,Canada,247.2,9974.58
8966bb,United Arab Emirates,282.68,11780.52
a4dbe3,United States,56.24,281.94
75044d,Malaysia,2.31,
8966bd,United Arab Emirates,245.62,9936.48
abf6ae,United States,221.34,10050.78
a44544,United States,291.54,8267.7
a768fd,United States,213.93,5913.12
780e89,China,122.05,1996.44
ac7968,United States,250.05,12123.42
c01755,Canada,235.5,9875.52
ade91f,United States,89.34,5638.8
abefba,United States,194.78,10386.06
ab5993,United States,6.94,
a9707e,United States,126.65,3459.48
acc955,United States,150.82,4930.14
750474,Malaysia,228.96,10744.2
abdcb5,United States,213.82,10111.74
760a0c,Pakistan,253.45,10043.16
aa25a6,United States,200.17,4251.96
75045d,Malaysia,239.5,9639.3
a74ece,United States,159.8,12710.16
8966ce,United Arab Emirates,232.6,10088.88
ac6645,United States,202.92,11308.08
c077d6,Canada,9.26,
ab2c54,United States,92.82,2247.9
a67231,United States,232.46,11239.5
ad2fd0,United States,231.73,9372.6
750466,Malaysia,232.34,11673.84
a920f0,United States,63.11,845.82
a9704d,United States,221.25,10530.84
06a3b6,Qatar,283.7,11788.14
ac5331,United States,140.57,1706.88
aa38c9,United States,59.65,2758.44
a97c9a,United States,245.61,9700.26
a26700,United States,0.13,
ac16da,United States,98.28,563.88
ac5f5f,United States,250.59,11132.82
ac5326,United States,28.29,
ac6658,United States,7.42,640.08
abefdd,United States,204.14,11262.36
84b3c9,Japan,118.18,2971.8
7c52f9,Australia,4.89,
a6980a,United States,50.93,883.92
7c52f8,Australia,153.04,5120.64
a4f5a0,United States,218.06,9966.96
a97075,United States,174.81,3589.02
ab201a,United States,53.39,266.7
ab2c72,United States,184.33,10828.02
7c0581,Australia,29.45,990.6
3c70b5,Germany,179.43,4099.56
a515ad,United States,253.74,10934.7
ac6668,United States,226.44,11308.08
abdcbe,United States,98.15,777.24
aca309,United States,240.65,11361.42
ab93db,United States,208.39,5737.86
a6981a,United States,259.88,10172.7
760a05,Pakistan,269.89,12336.78
ac4c67,United States,221.71,10698.48
a768c2,United States,4.63,
06e012,Rwanda,203.27,8397.24
a97c85,United States,129.07,1996.44
abdcdc,United States,139.11,3124.2
acb64a,United States,66.55,312.42
abdcda,United States,188.01,7018.02
3c70c3,Germany,215.69,9189.72
a648d2,United States,43.8,1013.46
ac6679,United States,42.92,289.56
ac5349,United States,217.61,6263.64
3c70aa,Germany,266.48,10728.96
a9969b,United States,227.39,10248.9
a56531,United States,248.1,12763.5
750410,Malaysia,219.22,12016.74
851c86,Japan,0.0,
a372df,United States,68.5,1866.9
aab0ba,United States,195.47,5471.16
ad1cde,United States,224.12,9357.36
7c65de,Australia,0.0,
a7081a,United States,156.46,2667.0
a8b375,United States,39.37,693.42
a02721,United States,49.62,266.7
8966a8,United Arab Emirates,213.91,7399.02
acb650,United States,46.31,251.46
7caed7,Australia,5.4,
7c055b,Australia,51.66,487.68
ab2c8e,United States,199.16,8046.72
a2eb62,United States,38.6,2141.22
750420,Malaysia,79.33,716.28
ad6c3b,United States,179.13,10591.8
a8abe6,United States,207.89,10706.1
a12d2f,United States,265.29,11338.56
a5b59d,United States,13.38,
a862e7,United States,9.27,137.16
4cafc4,Ireland,103.31,1684.02
040062,Ethiopia,256.78,12397.74
a13420,United States,57.98,1554.48
abc058,United States,263.18,11193.78
c03a5a,Canada,202.37,11826.24
4ba9fa,Turkey,217.48,7216.14
846682,Japan,142.02,4053.84
a38718,United States,63.09,251.46
a742ec,United States,0.0,
341446,Spain,222.3,6530.34
040077,Ethiopia,152.13,3314.7
4ba9ce,Turkey,256.69,12489.18
a3d722,United States,0.0,
a91b44,United States,250.1,10812.78
a7db85,United States,226.09,10698.48
a9e5ac,United States,45.52,1828.8
040049,Ethiopia,208.72,11399.52
71c018,Republic of Korea,133.87,1432.56
06a377,Qatar,269.63,9799.32
06a376,Qatar,223.25,10111.74
06a373,Qatar,285.17,11026.14
4ba9e6,Turkey,181.13,5311.14
06a374,Qatar,78.97,601.98
4ba9e5,Turkey,239.3,8275.32
040046,Ethiopia,267.77,12336.78
040045,Ethiopia,240.62,12077.7
845f9f,Japan,241.46,9662.16
89917f,Taiwan,216.72,5318.76
04004c,Ethiopia,235.78,12207.24
04004b,Ethiopia,278.68,11795.76
89917b,Taiwan,0.0,
71c009,Republic of Korea,241.54,9989.82
a7e24a,United States,179.43,5676.9
a9e5d2,United States,44.67,1562.1
71c004,Republic of Korea,181.11,6187.44
71c001,Republic of Korea,243.78,9547.86
a06dd8,United States,95.33,3383.28
c03a97,Canada,115.44,1821.18
adb0b4,United States,240.3,10332.72
780f39,China,183.87,8404.86
a9cbb8,United States,155.67,2758.44
4ba9f6,Turkey,169.23,12001.5
a6bb97,United States,96.87,1135.38
c03a90,Canada,106.06,1577.34
a4dbef,United States,238.09,11087.1
a2fdbe,United States,183.87,8907.78
a742c2,United States,113.69,1554.48
a5b55f,United States,207.12,10149.84
7c67d7,Australia,58.93,739.14
a18dfd,United States,50.44,2941.32
ab3506,United States,47.01,853.44
89914a,Taiwan,48.0,365.76
a01485,United States,62.4,708.66
7c0756,Australia,41.7,160.02
c004f3,Canada,213.73,10576.56
ab8eb1,United States,25.21,-15.24
a23a26,United States,49.68,1074.42
a24d56,United States,7.2,
780f47,China,203.14,9692.64
502d44,Latvia,214.8,10401.3
a98edc,United States,294.49,9966.96
a9f8e8,United States,36.53,198.12
a6e879,United States,51.58,1287.78
ace063,United States,0.0,
a324b0,United States,131.75,2171.7
a26774,United States,58.19,662.94
780f3d,China,251.07,9387.84
0100dc,Egypt,275.09,10942.32
a05afb,United States,32.31,502.92
7c67d0,Australia,48.58,449.58
ad0088,United States,247.4,11628.12
a0144e,United States,208.26,7848.6
abc09e,United States,239.56,11468.1
a12114,United States,54.26,1066.8
a6ce90,United States,191.09,6278.88
a6c248,United States,252.33,10485.12
89912d,Taiwan,283.77,
89912c,Taiwan,259.67,11567.16
a6ce7d,United States,234.47,7505.7
a6c247,United States,146.15,3429.0
7c4da0,Australia,66.06,853.44
a18dde,United States,72.74,2651.76
c03a69,Canada,151.29,9525.0
a00d6e,United States,249.94,12374.88
a31dc6,United States,139.96,3535.68
899144,Taiwan,116.94,1470.66
899146,Taiwan,4.89,
a1ddbb,United States,214.11,10378.44
a00139,United States,167.19,12344.4
a23a09,United States,56.66,2026.92
846658,Japan,167.69,10241.28
a6e89b,United States,134.79,2057.4
a23a03,United States,0.0,
c80548,New Zealand,47.21,1059.18
89913d,Taiwan,43.61,342.9
89913a,Taiwan,121.6,4145.28
c0412b,Canada,177.95,10690.86
aa7668,United States,6.69,
a79e7f,United States,73.66,548.64
4caff8,Ireland,0.0,
a8021b,United States,179.47,3474.72
a23a16,United States,42.38,441.96
aa6f80,United States,211.97,12085.32
780f78,China,279.61,12344.4
7503fb,Malaysia,192.03,6012.18
8990a5,Taiwan,207.75,9410.7
8990a2,Taiwan,200.17,10309.86
a5fd2d,United States,166.96,8008.62
8990a1,Taiwan,195.26,10888.98
aa021e,United States,47.87,213.36
407799,United Kingdom,239.97,11856.72
8990a0,Taiwan,263.23,10218.42
aaac21,United States,245.66,8740.14
7c4e6d,Australia,32.44,1501.14
a54aae,United States,137.29,2697.48
a6374b,United States,267.73,13106.4
c0540c,Canada,246.3,9989.82
aba9e7,United States,237.36,11216.64
71c079,Republic of Korea,266.89,9326.88
010256,Egypt,235.09,10088.88
abdf33,United States,124.72,5989.32
71c073,Republic of Korea,209.55,5433.06
a79dc4,United States,67.91,274.32
ac4ca8,United States,204.31,7117.08
a4943e,United States,230.09,8420.1
71c077,Republic of Korea,236.47,8564.88
8990b7,Taiwan,69.26,1905.0
a3bd6e,United States,50.93,1089.66
c05403,Canada,0.0,
01023b,Egypt,145.52,2415.54
c04d0a,Canada,0.0,
8990b2,Taiwan,287.03,9959.34
a684d2,United States,147.13,2476.5
86803a,Japan,164.86,11437.62
aa88fb,United States,0.0,
a31dfb,United States,269.65,12230.1
010242,Egypt,249.98,8214.36
7801b4,China,0.0,
7801b2,China,4.37,
34628d,Spain,238.2,12877.8
010245,Egypt,175.25,4945.38
010247,Egypt,75.7,68.58
a5add3,United States,69.45,556.26
71c061,Republic of Korea,74.02,396.24
a684c4,United States,215.27,9593.58
71c060,Republic of Korea,6.69,
c06736,Canada,49.48,342.9
ac53a0,United States,113.3,1775.46
a12186,United States,49.34,1074.42
a2fdea,United States,34.29,1074.42
c06738,Canada,223.2,10241.28
7c3b41,Australia,71.74,1402.08
01026c,Egypt,167.2,7955.28
881050,Thailand,242.41,11300.46
ac5feb,United States,53.03,1424.94
7801ad,China,1.54,
c05430,Canada,5.4,
881054,Thailand,210.2,7299.96
010281,Egypt,268.49,10698.48
40775c,United Kingdom,1.8,
010274,Egypt,230.91,8580.12
010276,Egypt,236.39,10858.5
868089,Japan,195.28,3901.44
ab7013,United States,0.0,
a2679a,United States,113.87,868.68
ac1988,United States,243.79,9326.88
a5f121,United States,189.72,11643.36
01025b,Egypt,277.32,10736.58
a4ca54,United States,72.21,2232.66
a324d9,United States,0.0,
ac4ccf,United States,191.51,10637.52
c06751,Canada,203.27,10820.4
a11a81,United States,191.29,3741.42
aa6ed1,United States,177.07,4366.26
a26793,United States,70.29,800.1
7503f6,Malaysia,235.36,11666.22
a73d45,United States,143.54,1600.2
a23a4d,United States,0.0,
ade9c0,United States,145.39,2247.9
010265,Egypt,11.83,
40641d,United Kingdom,81.76,868.68
a1e4e9,United States,214.48,10005.06
a12160,United States,51.26,830.58
aaa012,United States,231.74,10774.68
71c084,Republic of Korea,294.24,10317.48
a324ce,United States,251.18,11437.62
ab8f8e,United States,246.14,12481.56
a99719,United States,222.76,11963.4
abf96c,United States,260.59,10820.4
a12164,United States,33.83,297.18
01025a,Egypt,225.07,10363.2
ab20ae,United States,43.73,777.24
01020a,Egypt,252.87,11056.62
abf995,United States,242.65,10279.38
a707a3,United States,206.61,7924.8
ac53be,United States,191.43,11696.7
71c034,Republic of Korea,169.43,4389.12
ac9c50,United States,153.01,5341.62
71c038,Republic of Korea,222.61,5890.26
ab9697,United States,34.25,144.78
ac066b,United States,173.27,7383.78
7503ab,Malaysia,216.85,7376.16
aca3a3,United States,226.15,9372.6
a06f49,United States,0.26,
a6c28c,United States,46.48,480.06
06a30b,Qatar,215.8,6012.18
a577d4,United States,249.29,9136.38
7503d6,Malaysia,219.13,10957.56
a35a98,United States,245.65,9471.66
010204,Egypt,209.63,6858.0
abc012,United States,247.28,11590.02
ad3997,United States,126.82,1821.18
010205,Egypt,236.17,10485.12
86ef4a,Japan,8.75,
ac53f8,United States,200.4,7528.56
acf344,United States,212.9,9456.42
aca3d1,United States,93.15,792.48
ab703e,United States,212.7,10607.04
aaa02c,United States,0.0,
ab20e6,United States,157.97,3718.56
ad60b7,United States,215.87,11269.98
adcfef,United States,46.89,1790.7
a4e414,United States,67.49,2948.94
a4dd1b,United States,58.47,350.52
a4f744,United States,238.83,9867.9
a12191,United States,37.84,1348.74
ac9c78,United States,57.69,266.7
a06f22,United States,238.56,12710.16
e48854,Brazil,175.73,7734.3
abc035,United States,205.88,10858.5
ab704b,United States,139.34,3009.9
7503b2,Malaysia,219.54,9730.74
a3aa32,United States,251.8,11102.34
868038,Japan,148.87,2682.24
86ef6c,Japan,208.3,6880.86
a0d911,United States,45.79,434.34
71c043,Republic of Korea,230.88,9547.86
71c042,Republic of Korea,243.77,9875.52
a8c796,United States,245.53,10477.5
a3260d,United States,4.89,
a0c62d,United States,199.39,10599.42
ab349f,United States,265.06,9951.72
8464d2,Japan,63.3,99.06
a7dadc,United States,71.69,1112.52
ab349c,United States,232.07,9959.34
ac5488,United States,231.82,10012.68
a266bf,United States,45.48,2049.78
a1f94c,United States,150.01,2598.42
48ae22,Poland,278.37,11201.4
48ae23,Poland,267.34,12138.66
ab2182,United States,45.1,845.82
48ae21,Poland,251.99,9806.94
a06f83,United States,207.5,9098.28
a00cde,United States,71.83,708.66
a8b479,United States,228.47,10355.58
a05c59,United States,211.54,9799.32
06a2e6,Qatar,133.12,1996.44
06a2e4,Qatar,223.44,10728.96
06a2e0,Qatar,205.19,4594.86
485e2e,Kingdom of the Netherlands,151.38,3718.56
845dee,Japan,267.93,7475.22
a24cb1,United States,37.44,1539.24
a84a55,United States,250.92,10546.08
a1e60e,United States,234.49,8359.14
a2195d,United States,201.39,10248.9
a4590f,United States,139.81,8549.64
4b1a02,Switzerland,256.29,11010.9
a0899e,United States,39.53,403.86
ad7471,United States,228.42,10858.5
a7dad2,United States,208.51,9768.84
ad5a4b,United States,39.87,1272.54
a97d63,United States,154.76,3093.72
a8ad4e,United States,262.89,10881.36
a01fdf,United States,57.37,342.9
a399b9,United States,59.7,533.4
06a2f5,Qatar,310.1,11673.84
06a2f6,Qatar,199.82,6736.08
a9cd47,United States,204.59,6484.62
06a2f4,Qatar,288.86,11864.34
06a2f2,Qatar,263.45,11643.36
a6c1fe,United States,57.76,739.14
a99786,United States,56.75,1074.42
34764a,Spain,225.47,10843.26
c1e8ef,Canada,8.23,
48ae03,Poland,221.77,7673.34
485e30,Kingdom of the Netherlands,268.93,11673.84
a026e1,United States,92.6,541.02
06a2ea,Qatar,266.34,10043.16
a55f31,United States,239.43,10287.0
a20621,United States,248.41,11109.96
a06f5a,United States,214.11,7711.44
a0c628,United States,188.26,11948.16
a5ea9a,United States,219.76,11094.72
a7e1cd,United States,250.77,10424.16
add790,United States,1.03,
84b4d9,Japan,239.82,9471.66
346319,Spain,194.99,4922.52
ab59c9,United States,147.01,3505.2
a4ca66,United States,217.56,9730.74
502ccd,Latvia,250.72,12260.58
347643,Spain,239.8,11582.4
a120af,United States,44.77,937.26
4b1a66,Switzerland,231.76,10995.66
a2afeb,United States,237.93,12230.1
a1cc52,United States,267.85,12763.5
a85119,United States,195.69,10934.7
c1e8ce,Canada,4.63,
a60a54,United States,49.91,441.96
a50495,United States,145.14,2994.66
c05efa,Canada,163.7,5250.18
a43f51,United States,247.42,9357.36
a2ec31,United States,0.0,
a91ab7,United States,5.92,
a791c0,United States,244.06,10949.94
a60a5e,United States,66.78,3535.68
ab3fc4,United States,154.76,2156.46
a0a034,United States,222.23,12245.34
e48809,Brazil,194.41,7734.3
40772f,United Kingdom,0.0,
a4ca6a,United States,186.37,9692.64
a43f3c,United States,231.13,11864.34
a4ca6d,United States,73.8,861.06
a6246e,United States,204.25,9464.04
a7a753,United States,68.63,632.46
a2c9ec,United States,132.73,2247.9
a98445,United States,197.91,11704.32
a1cc3b,United States,58.28,1409.7
a4ca73,United States,97.66,2385.06
c05ef9,Canada,0.0,
a84a17,United States,184.51,6736.08
e90f01,Uruguay,65.4,243.84
a1cc1f,United States,0.0,
a671f2,United States,186.08,6210.3
ac5fad,United States,220.54,8366.76
c1e8c7,Canada,4.12,
c052ca,Canada,261.39,11696.7
acc9b2,United States,5.66,
a266dc,United States,228.21,10896.6
a4460e,United States,194.27,6393.18
a24cc0,United States,178.77,5379.72
a9e714,United States,63.88,853.44
a814f1,United States,50.75,693.42
c052e0,Canada,247.45,10294.62
a5f162,United States,106.61,1661.16
a19668,United States,82.1,708.66
76ceec,Singapore,208.48,10370.82
76ceea,Singapore,248.0,10195.56
76ceef,Singapore,172.14,3825.24
ab9639,United States,231.95,12451.08
a61173,United States,244.29,8846.82
a0d98d,United States,228.0,7513.32
a17c65,United States,218.35,10279.38
a4ca8c,United States,49.54,388.62
a25ff2,United States,61.54,1188.72
845dcc,Japan,94.56,1082.04
a399e4,United States,0.0,
c1e8be,Canada,1.8,
c052d5,Canada,216.53,10393.68
ac1951,United States,133.48,2301.24
347604,Spain,207.69,7932.42
a399de,United States,191.26,5867.4
a5ea5c,United States,210.1,9220.2
a37fd3,United States,67.01,373.38
a373ea,United States,0.0,
a8bfb6,United States,4.63,
c1e8a9,Canada,3.6,
a5a30a,United States,196.14,12519.66
a80f3c,United States,63.29,662.94
a3c3e6,United States,218.77,10721.34
a80f2f,United States,31.4,518.16
a42020,United States,278.78,9921.24
a54c60,United States,10.29,
899123,Taiwan,68.99,-22.86
0101e0,Egypt,209.55,6667.5
040102,Ethiopia,65.29,-15.24
c804d2,New Zealand,29.52,220.98
750597,Malaysia,3.6,
750599,Malaysia,211.65,8351.52
c05eb1,Canada,3.34,
aa26e7,United States,133.84,6019.8
4075df,United Kingdom,80.13,579.12
a1d368,United States,223.99,10271.76
899137,Taiwan,63.83,198.12
ac6744,United States,218.89,10492.74
aa39fd,United States,204.83,9037.32
a2b6ff,United States,2.57,
c05eac,Canada,0.0,
a240dc,United States,220.61,12108.18
899133,Taiwan,244.91,9966.96
ad6d03,United States,75.5,228.6
75059a,Malaysia,145.98,2590.8
a93631,United States,4.63,
899131,Taiwan,89.99,2865.12
c078bf,Canada,213.21,11475.72
c05eb6,Canada,276.55,9951.72
ac541b,United States,236.26,10629.9
750582,Malaysia,138.46,1584.96
300971,Italy,9.26,
750584,Malaysia,118.86,800.1
c05ee1,Canada,6.17,
ac04ae,United States,192.45,4229.1
ab1a1e,United States,232.4,7810.5
a7098d,United States,55.53,1463.04
aac4c4,United States,206.36,7086.6
a1836c,United States,257.19,10774.68
7c66cd,Australia,141.67,2545.08
a17c95,United States,218.33,9502.14
75056d,Malaysia,81.19,723.9
a31f93,United States,222.97,11292.84
a3133d,United States,235.83,8366.76
a3133c,United States,252.77,10370.82
75056f,Malaysia,226.38,8321.04
a4f6fe,United States,116.57,571.5
a253dd,United States,37.81,571.5
899103,Taiwan,243.72,11353.8
c05edb,Canada,248.06,10530.84
a68673,United States,54.79,548.64
a0c68d,United States,4.37,640.08
a80f63,United States,34.65,861.06
ad1db3,United States,100.24,4236.72
a240b6,United States,154.87,13335.0
c05ed0,Canada,65.48,373.38
899108,Taiwan,224.51,6667.5
a43326,United States,74.99,2964.18
a18380,United States,6.69,
ab477d,United States,204.86,9639.3
4075c2,United Kingdom,210.37,6583.68
78168d,China,146.68,3177.54
406ecd,United Kingdom,253.9,10927.08
ac04d3,United States,277.94,11186.16
7c4cac,Australia,107.24,7719.06
c05ed8,Canada,181.79,4206.24
a13501,United States,219.51,9456.42
ad8766,United States,242.27,11635.74
ac3a38,United States,184.76,4450.08
ad8769,United States,154.92,3086.1
780373,China,152.3,3299.46
851142,Japan,13.38,
aaaabb,United States,72.02,2651.76
a3cfe8,United States,64.83,1676.4
4ba9c2,Turkey,275.37,11285.22
4ba9c1,Turkey,235.33,11468.1
750553,Malaysia,239.76,12656.82
750554,Malaysia,234.84,10713.72
ab7ae4,United States,2.06,
add734,United States,226.01,10088.88
a50fdd,United States,125.78,6263.64
4850a1,Kingdom of the Netherlands,233.74,9471.66
a3cff5,United States,3.86,
78037b,China,186.54,10774.68
ac9ad8,United States,69.7,1028.7
a82903,United States,126.04,2552.7
aab1d2,United States,233.41,9662.16
a4a95b,United States,29.74,708.66
ac04f5,United States,185.2,4084.32
405bfb,United Kingdom,219.16,11727.18
a74fa2,United States,235.62,9174.48
a5b61f,United States,76.67,1988.82
3461cb,Spain,255.95,9730.74
06a2b3,Qatar,270.17,9471.66
acfdf4,United States,216.87,8023.86
06a2b2,Qatar,271.54,9197.34
a1c05d,United States,237.4,10485.12
ab214b,United States,0.06,
a5530b,United States,134.41,746.76
a4eff1,United States,212.95,11795.76
75052a,Malaysia,217.16,8115.3
ab214d,United States,3.34,
4ba9a9,Turkey,123.1,1821.18
a26801,United States,199.57,8016.24
ad8791,United States,68.47,678.18
ac9acc,United States,66.13,1615.44
ad5a1c,United States,147.19,8740.14
ab2169,United States,151.74,3375.66
750550,Malaysia,148.46,3931.92
a7ef08,United States,211.1,10584.18
0101b2,Egypt,201.42,8237.22
06a2c6,Qatar,279.35,10576.56
06a2c4,Qatar,251.1,10401.3
06a2c5,Qatar,269.46,9814.56
a42035,United States,54.94,1036.32
7bc008,China,246.18,9044.94
a9d46f,United States,263.16,11559.54
ad876e,United States,244.98,8077.2
a480ac,United States,49.05,815.34
a4a97f,United States,178.23,12420.6
acf1a3,United States,223.48,9646.92
a55f6c,United States,212.23,8092.44
a2ec85,United States,34.51,144.78
a6cf20,United States,259.99,7261.86
a57997,United States,231.15,8862.06
ae06df,United States,159.08,7269.48
a55b7a,United States,118.91,1409.7
7c68aa,Australia,188.08,10241.28
a6d234,United States,0.0,
7504a1,Malaysia,238.5,10134.6
abd010,United States,209.86,6096.0
7c68ad,Australia,245.36,10668.0
aac366,United States,298.92,10523.22
abdc56,United States,254.25,11529.06
a43b91,United States,211.89,10020.3
7c68a9,Australia,229.28,10919.46
a67b84,United States,68.56,1539.24
a14406,United States,101.21,1394.46
a097cc,United States,128.97,3390.9
7504b5,Malaysia,185.63,3749.04
a097ce,United States,102.9,1722.12
ab30e6,United States,249.83,10881.36
ad83c5,United States,260.27,13944.6
86dd08,Japan,9.26,
ab9383,United States,258.19,11269.98
a6cb48,United States,197.98,11635.74
4caeb8,Ireland,251.25,12512.04
a98bd3,United States,75.31,822.96
a07dc9,United States,273.62,10835.64
84b75d,Japan,117.18,1623.06
abf66f,United States,56.88,403.86
aa735a,United States,196.84,6477.0
a9dba1,United States,40.67,335.28
a80b5b,United States,61.41,1432.56
a8cec7,United States,189.79,4770.12
a79b78,United States,0.51,
a752ea,United States,215.98,6042.66
aa10ba,United States,227.36,10591.8
ab30f0,United States,261.74,10980.42
86e40e,Japan,242.56,11102.34
a99ed2,United States,197.65,6583.68
a45592,United States,253.11,10858.5
ac50d1,United States,217.42,10187.94
a92b0c,United States,1.03,
abf67f,United States,57.76,1074.42
abdc78,United States,222.69,10835.64
ab805a,United States,260.0,10843.26
add3af,United States,192.18,5052.06
abdc91,United States,182.63,4648.2
a79b5d,United States,43.66,1005.84
abdc96,United States,256.87,10553.7
ade6f1,United States,77.21,1729.74
acfc58,United States,209.61,5631.18
406d8e,United Kingdom,0.0,
a6d241,United States,205.13,9966.96
a44258,United States,228.56,10096.5
0d09a5,Mexico,234.64,11033.76
addfed,United States,247.84,12420.6
c001e5,Canada,0.0,
a79b75,United States,53.08,403.86
c001e6,Canada,158.37,7185.66
a9eeb8,United States,49.68,762.0
84b77f,Japan,8.75,
a4556d,United States,175.77,4693.92
a81e85,United States,167.53,12298.68
a4423b,United States,227.38,10645.14
a62bc5,United States,49.56,975.36
a25d36,United States,265.51,11711.94
846748,Japan,280.08,9243.06
407fc7,United Kingdom,226.73,11407.14
a7fe27,United States,247.68,11026.14
7c4ee7,Australia,40.72,144.78
aa7f7c,United States,243.0,12451.08
c0774c,Canada,0.06,
a26426,United States,192.15,6012.18
407fac,United Kingdom,226.42,10736.58
a55b3c,United States,214.58,6850.38
aa7f84,United States,58.66,2232.66
a06aba,United States,234.1,9654.54
a3e5fa,United States,207.74,6202.68
a214a0,United States,30.63,213.36
aa9990,United States,232.02,7574.28
a39720,United States,57.7,731.52
a15778,United States,200.69,9784.08
a9a824,United States,5.92,
a5622d,United States,52.71,2286.0
a5d86c,United States,42.4,2042.16
a191a8,United States,215.71,5867.4
a8d5a4,United States,232.13,10477.5
aab07a,United States,190.69,7330.44
abdc9b,United States,211.87,11209.02
abd063,United States,192.27,6408.42
a1442f,United States,226.27,8366.76
a071c2,United States,201.66,4046.22
a8d5a0,United States,243.98,9067.8
a39723,United States,209.58,5875.02
71ba10,Republic of Korea,288.81,9837.42
71ba16,Republic of Korea,219.98,10881.36
aa23b3,United States,225.71,9799.32
aa7f5e,United States,262.49,12024.36
a83876,United States,226.56,10553.7
a03765,United States,0.0,
ad105b,United States,57.4,297.18
a27737,United States,6.94,
c00dea,Canada,230.94,10835.64
7c68cf,Australia,40.04,678.18
a07dcd,United States,252.43,10561.32
71ba08,Republic of Korea,242.89,10568.94
a56256,United States,199.62,9532.62
a8252d,United States,53.55,731.52
a097f4,United States,121.39,1356.36
c05d3c,Canada,137.83,2758.44
ac5e01,United States,0.0,
ab4505,United States,209.18,5067.3
c027ea,Canada,92.6,1798.32
a6cb0d,United States,0.0,
71ba04,Republic of Korea,228.56,8389.62
71ba03,Republic of Korea,235.16,9982.2
c00dce,Canada,217.36,8831.58
a82532,United States,56.84,967.74
c014c7,Canada,39.1,1531.62
c05d56,Canada,215.81,10523.22
a01112,United States,248.31,11330.94
a1440c,United States,220.5,10020.3
a44291,United States,69.6,-7.62
a03775,United States,129.54,4495.8
7c0840,Australia,65.37,1143.0
add3f4,United States,284.01,12534.9
84b750,Japan,303.23,9471.66
84b73b,Japan,5.66,
7c68d4,Australia,12.86,
a5c564,United States,163.8,3970.02
aab09a,United States,213.88,11140.44
a24a45,United States,104.53,3406.14
a1a787,United States,68.91,304.8
a4b7d3,United States,189.58,4777.74
a214de,United States,217.83,7040.88
a467de,United States,196.02,4191.0
ac89c9,United States,52.79,1310.64
ac0f26,United States,212.65,8328.66
abb9b2,United States,191.8,5242.56
a51425,United States,190.97,9707.88
a717b6,United States,100.85,2080.26
a214e5,United States,228.08,10119.36
a32df8,United States,47.43,1691.64
adc171,United States,117.52,5676.9
8991d8,Taiwan,231.32,11079.48
8991d7,Taiwan,174.72,4008.12
86dd90,Japan,321.8,8122.92
ad717c,United States,54.21,662.94
aa7ec3,United States,77.17,480.06
7c4348,Australia,89.73,708.66
ab0969,United States,204.19,5006.34
7b103d,China,11.83,
a3d42b,United States,117.46,579.12
ab8c19,United States,274.95,10088.88
a3cd58,United States,243.96,10805.16
a4f414,United States,77.48,822.96
a1f4cd,United States,190.01,9151.62
3e1212,Germany,67.6,541.02
7c300c,Australia,61.01,373.38
86e474,Japan,251.22,11125.2
abef16,United States,216.6,11841.48
8991a4,Taiwan,197.49,10134.6
a4b7f0,United States,1.29,
c06403,Canada,226.52,10248.9
a4da13,United States,1.29,
a0cdf3,United States,214.24,10622.28
ac0f40,United States,75.25,1440.18
aae960,United States,179.45,11087.1
a1444a,United States,40.51,563.88
acd9c4,United States,6.43,
a36a10,United States,204.33,11003.28
ac2952,United States,216.88,10066.02
ab096e,United States,63.05,563.88
a14452,United States,2.83,
8991a8,Taiwan,132.98,1950.72
39bdb2,France,0.0,
a15798,United States,75.47,3596.64
a9327a,United States,229.01,
c07721,Canada,212.71,10782.3
abb9df,United States,200.03,11856.72
a837a7,United States,234.49,10698.48
a24a31,United States,0.0,
8991b7,Taiwan,219.96,10980.42
ac89f7,United States,246.91,9608.82
ad493b,United States,242.64,12161.52
a19dff,United States,238.95,8450.58
a1577f,United States,41.7,1036.32
c00da8,Canada,211.6,11224.26
7c4329,Australia,238.17,10226.04
ac76ae,United States,227.5,10218.42
8991ab,Taiwan,172.79,10347.96
485b45,Kingdom of the Netherlands,271.97,10568.94
485b43,Kingdom of the Netherlands,277.26,11559.54
a837a5,United States,173.3,3604.26
a837a3,United States,154.03,2301.24
a15795,United States,249.0,10302.24
7c4394,Australia,49.4,1066.8
7c4395,Australia,4.43,15.24
ad1c18,United States,225.18,7178.04
a37d8d,United States,259.53,10203.18
ad1c16,United States,247.47,10355.58
ad1c11,United States,206.3,6682.74
abe305,United States,46.34,1051.56
406d7a,United Kingdom,271.68,11513.82
a2a151,United States,79.83,1203.96
406d7b,United Kingdom,265.9,11399.52
ab43c6,United States,69.45,274.32
ac030e,United States,48.38,769.62
ac0f4d,United States,250.75,11247.12
86dd4b,Japan,57.52,449.58
406d6f,United Kingdom,209.66,6393.18
a40797,United States,240.99,9944.1
ac6fed,United States,182.69,4930.14
ad495b,United States,219.54,5913.12
a441ab,United States,158.03,3017.52
406d77,United Kingdom,261.33,11673.84
a25179,United States,278.72,13388.34
aa739d,United States,192.15,8450.58
a49d5d,United States,166.53,13479.78
406d79,United Kingdom,0.0,
a2ad81,United States,86.6,1653.54
a12a9d,United States,204.9,8427.72
a12a9e,United States,93.49,2651.76
abef54,United States,219.49,10988.04
adcca3,United States,266.46,10911.84
a24a65,United States,46.33,2240.28
acc6d1,United States,251.81,11536.68
a12a80,United States,235.17,10363.2
adcca0,United States,218.71,10142.22
a9a879,United States,224.41,10096.5
a00a8a,United States,209.48,13235.94
c80493,New Zealand,43.63,388.62
a3cd0f,United States,252.07,12382.5
ad96e2,United States,66.04,982.98
ad83b2,United States,245.53,10485.12
a8d5db,United States,128.7,1135.38
ad83b7,United States,151.3,2164.08
a3845c,United States,176.21,3124.2
0acac2,Colombia,3.86,
a1e1d8,United States,213.09,9707.88
abe30a,United States,76.17,1226.82
a4076a,United States,224.46,10599.42
348546,Spain,250.94,10271.76
7504aa,Malaysia,224.98,8214.36
348547,Spain,214.27,8260.08
406d4d,United Kingdom,234.47,10462.26
ac0f93,United States,215.6,11529.06
a6d27b,United States,108.03,1120.14
a1316b,United States,74.43,2583.18
a81289,United States,48.43,716.28
acbfcf,United States,234.19,7086.6
a3711a,United States,130.14,2240.28
ad7cae,United States,52.16,822.96
40742e,United Kingdom,264.74,12100.56
a12a7c,United States,41.16,
86e452,Japan,250.61,11742.42
abef79,United States,211.47,7018.02
347206,Spain,215.28,11010.9
85120e,Japan,175.45,5996.94
8a0a38,Indonesia,218.88,11041.38
acad53,United States,6.17,
a2519f,United States,237.89,9067.8
a07f46,United States,0.0,
4ba956,Turkey,79.74,1249.68
c1e5ba,Canada,10.29,
4ba952,Turkey,72.54,129.54
7c19c9,Australia,95.55,1363.98
a6cad3,United States,176.92,3802.38
a19f29,United States,250.23,12763.5
a8bd56,United States,54.65,701.04
8a0a1e,Indonesia,231.32,11376.66
adba01,United States,62.25,777.24
a441fb,United States,198.36,11094.72
a7b779,United States,245.15,11041.38
4ba94e,Turkey,269.0,10020.3
a6cacb,United States,246.72,10706.1
8a0a24,Indonesia,203.75,8648.7
c062aa,Canada,3.09,
c00e6c,Canada,249.63,10927.08
abe1c2,United States,248.24,10835.64
a20f1a,United States,130.67,1988.82
a441ef,United States,233.27,10012.68
7c19aa,Australia,172.21,11376.66
a8c43c,United States,163.36,4762.5
ab314f,United States,58.97,982.98
c05bcb,Canada,224.87,9380.22
a10967,United States,0.0,
347308,Spain,202.24,
86eea0,Japan,252.29,11102.34
a6e4e8,United States,250.36,10355.58
a3c198,United States,114.58,2186.94
a07f60,United States,226.64,10629.9
ac01d3,United States,0.0,
c829ac,New Zealand,241.84,9692.64
a8bd1b,United States,185.22,9098.28
a441f5,United States,219.01,9982.2
c00e9d,Canada,1.03,
a50192,United States,207.21,8945.88
a1319d,United States,35.7,1028.7
a4e181,United States,203.62,5524.5
4ba930,Turkey,231.68,10820.4
a944b9,United States,174.4,3916.68
acad6d,United States,193.65,7917.18
acad6b,United States,51.02,1173.48
a09947,United States,249.65,11049.0
a10931,United States,239.26,9997.44
adba0a,United States,5.4,
780fd9,China,268.03,11117.58
a9a7d0,United States,89.84,510.54
a9a7c9,United States,56.0,2575.56
a811c0,United States,31.49,
a98d3b,United States,40.02,723.9
a43adf,United States,49.56,457.2
a62d4a,United States,54.8,1325.88
a3361d,United States,0.0,
8990e5,Taiwan,248.61,9753.6
a31c16,United States,38.29,381.0
abdafe,United States,47.77,342.9
a4a4cb,United States,128.53,2316.48
8990e4,Taiwan,223.43,11567.16
aa6ac5,United States,47.67,541.02
8990e3,Taiwan,286.55,9014.46
a44f1c,United States,173.8,5364.48
a704c7,United States,271.04,12237.72
aa7df3,United States,131.46,3002.28
76bcc3,Singapore,276.25,13014.96
76bcc8,Singapore,253.05,12451.08
aa0a1a,United States,45.89,1059.18
c01533,Canada,199.94,13784.58
424b35,United Kingdom,230.92,13228.32
ad7d9f,United States,218.23,10949.94
a74d31,United States,45.53,121.92
4ba99a,Turkey,201.49,11437.62
8990f6,Taiwan,104.27,4191.0
a1ef41,United States,41.99,701.04
ab9f00,United States,57.63,205.74
8990f2,Taiwan,82.81,1051.56
acb470,United States,234.78,8877.3
c0150d,Canada,84.37,1074.42
8990f0,Taiwan,238.1,6880.86
ac01fc,United States,187.46,8023.86
c01529,Canada,148.15,3901.44
adba37,United States,83.1,731.52
a143c6,United States,240.12,11231.88
4d23c4,Malta,227.0,9624.06
881059,Thailand,108.93,1821.18
a8d739,United States,55.67,1981.2
76bcca,Singapore,225.24,11788.14
c05bc6,Canada,3.6,
c05bc8,Canada,255.32,9906.0
8990c9,Taiwan,79.57,518.16
c075cc,Canada,2.57,
c088fb,Canada,209.5,10652.76
8990c0,Taiwan,246.3,6073.14
a694dd,United States,232.56,10927.08
ac0f03,United States,244.19,11186.16
c0153b,Canada,223.72,10347.96
a5c4e1,United States,99.72,8938.26
a25ca4,United States,217.91,11795.76
c062b8,Canada,225.2,8488.68
7c06af,Australia,115.7,4754.88
c00e5c,Canada,228.09,10888.98
aacf19,United States,186.98,10995.66
a156ce,United States,41.7,365.76
aa7dad,United States,131.07,1417.32
84b5ac,Japan,200.48,6675.12
a957b0,United States,45.8,853.44
a0cf55,United States,236.48,9982.2
a08663,United States,229.84,10546.08
a87428,United States,225.21,11071.86
ac0f18,United States,45.17,1729.74
a143a3,United States,240.65,10965.18
4d23a4,Malta,234.09,9083.04
a73a1c,United States,0.0,
7c4f1e,Australia,74.46,1226.82
a48a8f,United States,248.95,11010.9
a694f8,United States,97.13,3505.2
a38fa4,United States,248.04,10896.6
a6e4c2,United States,42.38,1531.62
aa7f48,United States,194.71,10485.12
780450,China,238.72,10355.58
aa7f46,United States,4.63,
a899af,United States,232.92,12458.7
7c3ad6,Australia,0.0,
ac27a6,United States,253.59,10911.84
a93f03,United States,77.77,2385.06
a32f82,United States,208.17,8153.4
a1dc60,United States,204.25,5882.64
a3d3b3,United States,3.6,
a3e6e3,United States,234.95,7947.66
a3dfeb,United States,198.53,3810.0
7cf41f,Australia,0.77,
ab3d17,United States,235.84,9768.84
a8391b,United States,241.33,13007.34
781799,China,236.97,10172.7
407ed8,United Kingdom,142.66,1188.72
a2c6e1,United States,69.57,1402.08
514005,Georgia,0.0,
514004,Georgia,74.59,
a9a901,United States,206.44,9540.24
aa7f2b,United States,246.44,10408.92
a83920,United States,0.0,
a4b96d,United States,142.84,1524.0
aa7f2a,United States,225.49,10111.74
a6a9b5,United States,47.23,2225.04
7cf40f,Australia,0.64,
a526e2,United States,240.57,9098.28
a646bc,United States,194.97,9380.22
a526df,United States,42.6,1470.66
a4b971,United States,228.15,12854.94
a263e3,United States,152.86,2026.92
3c81cc,Germany,1.03,
8a0a8a,Indonesia,228.37,11391.9
aa7f27,United States,139.34,2270.76
a56f6a,United States,5.14,
aa7f25,United States,229.3,9883.14
aa7f24,United States,69.72,251.46
a1099f,United States,189.43,10721.34
a7c9bf,United States,85.22,891.54
c00e25,Canada,228.53,10820.4
a779eb,United States,235.09,9601.2
a130a7,United States,38.89,281.94
a3d3d8,United States,44.14,1668.78
a19343,United States,206.47,10058.4
ab3d39,United States,220.43,10134.6
a25cdc,United States,65.99,289.56
7cf409,Australia,0.9,
c00e17,Canada,228.91,10530.84
407eb5,United Kingdom,0.0,
a06046,United States,262.06,12230.1
a1801c,United States,204.06,10843.26
a396c9,United States,204.34,12481.56
a20347,United States,0.0,
a143e9,United States,273.1,8900.16
a4693f,United States,51.17,2537.46
a19350,United States,110.13,5364.48
ab07f5,United States,59.7,2316.48
a1dc2a,United States,207.63,9448.8
acc707,United States,265.06,12656.82
a55017,United States,262.26,11239.5
a5c640,United States,199.88,12573.0
c01505,Canada,8.75,
aa7f05,United States,225.14,10675.62
aa7f03,United States,214.28,9601.2
aa7f02,United States,84.04,853.44
aa7f01,United States,257.18,11193.78
c05054,Canada,239.23,11346.18
aa7f09,United States,207.59,9243.06
a2a0bb,United States,26.01,68.58
142331,Russian Federation,27.7,9403.08
a44f9c,United States,221.97,10668.0
ac27cf,United States,226.48,10660.38
a8c489,United States,237.32,9075.42
ac27f0,United States,186.46,7559.04
acad02,United States,174.56,3916.68
c05044,Canada,242.7,11026.14
ab9de9,United States,247.41,8656.32
8a0a67,Indonesia,234.61,9966.96
a8c484,United States,216.11,6477.0
a44357,United States,115.02,1371.6
4ca39b,Ireland,19.55,
c0503d,Canada,44.42,1981.2
c0636a,Canada,185.91,6957.06
86eee4,Japan,5.92,
a1e387,United States,67.69,2712.72
7cf44a,Australia,6.43,
882ed3,Thailand,294.06,14218.92
a8aa77,United States,87.61,441.96
ad34b9,United States,5.4,
ab3129,United States,123.65,5250.18
ad34b3,United States,207.32,12131.04
7cf451,Australia,14.4,
8a0a3e,Indonesia,145.89,2575.56
407eec,United Kingdom,221.04,11384.28
c1e659,Canada,2.31,
a383f3,United States,214.22,11216.64
7cf43c,Australia,3.6,
a32367,United States,224.21,10858.5
c0506b,Canada,203.45,10005.06
a32368,United States,0.51,
ab3133,United States,205.16,9433.56
a8c44b,United States,231.01,7399.02
ab3d6f,United States,137.53,2606.04
a396fd,United States,212.63,10469.88
c05067,Canada,234.55,11574.78
a44334,United States,200.76,7254.24
39b228,France,251.26,11696.7
c05060,Canada,224.71,11468.1
aba75f,United States,139.1,3886.2
a1ef9b,United States,41.75,838.2
a98d7e,United States,203.3,8702.04
ad34aa,United States,50.87,1158.24
a03816,United States,1.03,
ad2dd1,United States,57.29,1699.26
acad1d,United States,39.53,358.14
a8d6de,United States,9.26,
a25e18,United States,45.47,868.68
abd135,United States,212.61,11247.12
aab13d,United States,54.89,1943.1
a7ff83,United States,152.31,12748.26
ad1d73,United States,138.92,2087.88
ad7dfe,United States,166.0,6134.1
c1e885,Canada,5.4,
a7ff81,United States,220.67,5090.16
a67040,United States,48.49,1272.54
abdd6d,United States,187.79,10904.22
a26507,United States,67.21,2270.76
ac046e,United States,248.06,10881.36
a5ac6e,United States,95.81,3474.72
a098f6,United States,211.31,6332.22
3a5400,France,2.83,
a6d34b,United States,92.49,784.86
aa6d9a,United States,221.47,7520.94
86e518,Japan,136.19,2331.72
abdd91,United States,233.98,11224.26
a81f7b,United States,236.03,11216.64
a9a97f,United States,79.22,1333.5
a4e0ec,United States,7.72,
a8bcdd,United States,208.09,7955.28
c0656f,Canada,247.89,12557.76
a4e0df,United States,127.5,2171.7
c05e96,Canada,87.31,800.1
acf10b,United States,255.58,9441.18
a1583f,United States,52.79,335.28
71c226,Republic of Korea,210.51,4914.9
a9f6b9,United States,0.0,
ad0a68,United States,49.62,861.06
e4997c,Brazil,247.14,12031.98
aa11dc,United States,0.45,
a1d06d,United States,62.28,2354.58
a8c3a2,United States,243.1,10386.06
a620f5,United States,72.37,419.1
a8268d,United States,203.04,11430.0
a03849,United States,46.92,701.04
a6d36d,United States,85.13,
a98cbc,United States,235.44,12085.32
a8e9fd,United States,264.49,10637.52
a098d8,United States,5.4,
a9464b,United States,218.07,6210.3
a7a3e3,United States,31.38,693.42
71c245,Republic of Korea,292.92,10431.78
71c246,Republic of Korea,2.83,
869560,Japan,244.89,9860.28
71c248,Republic of Korea,191.41,6926.58
a19ea2,United States,82.25,853.44
71c242,Republic of Korea,214.42,5250.18
c05213,Canada,207.91,13053.06
a25e57,United States,48.02,297.18
a25e58,United States,30.42,312.42
7cf631,Australia,5.4,
a5bf76,United States,224.42,9425.94
a072bd,United States,96.52,1638.3
a44eb5,United States,33.68,1371.6
3c459a,Germany,255.39,9890.76
aae9a3,United States,119.87,1844.04
aab18c,United States,259.48,12313.92
c0653f,Canada,267.45,10927.08
c05e62,Canada,239.16,9959.34
a7ff2d,United States,41.73,
a9a91a,United States,80.76,518.16
a67c3a,United States,169.65,9334.5
0d0993,Mexico,178.08,4488.18
040261,Ethiopia,126.07,2887.98
4cadc7,Ireland,277.67,11948.16
74482c,Jordan,71.55,68.58
4cadc3,Ireland,261.25,12382.5
c05219,Canada,212.96,9502.14
abd17b,United States,236.59,11353.8
ab5933,United States,142.27,5044.44
ab819c,United States,199.85,6995.16
4cade2,Ireland,179.26,2476.5
a6833b,United States,5.4,
a67014,United States,33.39,1714.5
4cadca,Ireland,262.74,11529.06
adc1c7,United States,256.39,12870.18
a5502b,United States,180.18,4335.78
aa11b1,United States,74.6,662.94
a202a1,United States,185.87,6858.0
a192ae,United States,113.52,8816.34
a70655,United States,45.92,525.78
ac791d,United States,0.0,
a7066e,United States,50.58,541.02
71c218,Republic of Korea,242.31,9898.38
a81336,United States,38.65,45.72
040249,Ethiopia,217.75,9860.28
a886e4,United States,84.43,2659.38
0c6060,Trinidad and Tobago,235.75,11231.88
ab2c04,United States,215.14,9921.24
84b860,Japan,0.0,
ad7f04,United States,241.38,12397.74
a5c672,United States,8.23,
a8264f,United States,224.97,8747.76
0c6064,Trinidad and Tobago,218.44,11605.26
a9a929,United States,212.72,9944.1
7c56b7,Australia,230.7,12313.92
c05220,Canada,239.25,11117.58
4408ff,Austria,245.33,10340.34
744829,Jordan,155.51,3276.6
a69698,United States,65.44,1478.28
4408fd,Austria,261.44,10980.42
ac5f28,United States,52.6,716.28
a20ed1,United States,40.42,2240.28
a06bd3,United States,5.4,
aa1dd1,United States,180.99,5920.74
c05e72,Canada,235.83,9951.72
acea99,United States,212.36,9959.34
a95954,United States,106.49,2941.32
a6cc45,United States,233.49,10210.8
ac0fb6,United States,227.21,8511.54
a94626,United States,203.73,12763.5
a37e6c,United States,132.89,3032.76
a335f4,United States,223.39,9204.96
a442a9,United States,204.61,13418.82
a4a5c9,United States,129.13,2857.5
4cadfc,Ireland,224.23,10126.98
a4ee2e,United States,212.51,10568.94
ad97a7,United States,215.88,6896.1
ac1720,United States,257.0,11529.06
a36b50,United States,216.82,9921.24
a37e80,United States,214.01,9784.08
c00eb0,Canada,218.3,7520.94
a335eb,United States,0.0,
aa73a0,United States,219.26,9090.66
a2c86d,United States,223.99,10050.78
aba7ad,United States,111.03,7193.28
a37e5a,United States,155.56,3368.04
aa395b,United States,214.04,5448.3
a49206,United States,239.57,9334.5
c1e804,Canada,14.4,
a2a213,United States,250.37,10911.84
a1e2bc,United States,144.76,7764.78
a455c7,United States,60.72,15.24
a36b2d,United States,233.85,10119.36
a61b14,United States,38.06,533.4
ad7da2,United States,12.86,
347387,Spain,242.44,12527.28
ac77d3,United States,97.39,624.84
ac0417,United States,209.06,9509.76
a3c233,United States,233.46,11140.44
a25e79,United States,53.5,2011.68
a24b40,United States,232.01,11346.18
ab44af,United States,261.18,10721.34
347386,Spain,258.73,11170.92
a3d568,United States,1.8,
ac64a6,United States,210.61,9235.44
a86e1d,United States,180.64,6088.38
a63547,United States,276.42,11231.88
a705c5,United States,43.23,586.74
a1589d,United States,219.2,10652.76
a562b7,United States,197.59,11049.0
a52898,United States,200.84,9334.5
a7b832,United States,260.17,10454.64
84b7a1,Japan,203.09,6423.66
a4a5e4,United States,46.77,1927.86
a2b537,United States,66.97,1127.76
acc7ae,United States,218.35,10690.86
a825a6,United States,238.99,10325.1
3c7a4d,Germany,253.8,10789.92
aba7c2,United States,52.52,1379.22
aa2629,United States,49.44,1059.18
a3c246,United States,236.44,10538.46
abca00,United States,225.66,9342.12
a192e0,United States,228.96,12603.48
a50e80,United States,127.01,5052.06
424bd7,United Kingdom,229.29,12481.56
a6deb0,United States,33.69,68.58
a67bc8,United States,2.31,
c0650c,Canada,279.79,11468.1
a4db2c,United States,0.0,
a0c2d3,United States,46.07,579.12
4aaa6a,Sweden,69.55,624.84
7c443f,Australia,59.48,609.6
0d0984,Mexico,209.88,7315.2
c00ec2,Canada,4.37,
84b7b6,Japan,3.86,
c06515,Canada,247.08,12664.44
ab2ac1,United States,28.85,388.62
ab8112,United States,3.09,
a8881e,United States,108.16,2362.2
a2b58d,United States,71.65,373.38
a442f3,United States,219.17,11224.26
ade7af,United States,54.35,411.48
a5b39d,United States,55.0,1036.32
a08714,United States,216.49,9250.68
a442da,United States,7.2,
aa3930,United States,11.32,
ad97e9,United States,46.24,1600.2
abe40a,United States,11.83,
a76807,United States,42.56,304.8
ac042a,United States,240.13,11612.88
a06d01,United States,59.68,434.34
a037b2,United States,199.68,9814.56
a37265,United States,1.54,
a3e846,United States,50.93,777.24
a37e9b,United States,230.54,12146.28
aa7fa1,United States,255.84,10325.1
c80f9d,New Zealand,49.77,586.74
ab31c1,United States,57.48,640.08
a6c061,United States,70.87,693.42
a3725a,United States,120.62,1684.02
869582,Japan,231.74,8854.44
a037ac,United States,225.92,6690.36
ab2ae0,United States,0.0,
71c261,Republic of Korea,288.32,11087.1
347349,Spain,212.89,9166.86
0d0924,Mexico,89.82,464.82
347343,Spain,253.84,6179.82
abdd63,United States,211.16,9380.22
ae07da,United States,5.92,
a38583,United States,189.82,5189.22
abdd64,United States,1.03,
a1e2f8,United States,34.0,76.2
7cf4ea,Australia,6.17,
adcdc9,United States,222.19,7322.82
aa617c,United States,208.04,8839.2
a455ea,United States,219.79,8900.16
a49232,United States,221.6,9883.14
abe42c,United States,80.28,975.36
a3bb19,United States,36.13,1318.26
ac1789,United States,258.82,11308.08
e49957,Brazil,202.51,10866.12
a49e74,United States,41.03,2011.68
a335fa,United States,248.07,10949.94
ad97dd,United States,182.19,4815.84
4ba902,Turkey,226.86,9745.98
4ba905,Turkey,84.37,9669.78
4ba904,Turkey,98.45,10934.7
aaaa4a,United States,73.57,586.74
a25278,United States,124.42,2400.3
abe450,United States,1.29,
ae07e8,United States,198.38,9471.66
a9dce9,United States,251.45,10317.48
a2b562,United States,246.93,11460.48
aaaa64,United States,224.61,8465.82
a2ae6c,United States,197.17,9159.24
acfd2c,United States,227.55,8785.86
ad2445,United States,0.0,
aab146,United States,170.23,3497.58
ac045c,United States,223.58,8717.28
71c286,Republic of Korea,1.29,
a5fb82,United States,40.89,1752.6
a7f2c1,United States,50.12,891.54
ac5e8d,United States,228.03,9692.64
e47def,Brazil,250.17,14386.56
0aca5f,Colombia,82.62,2636.52
ab325c,United States,0.0,
a037da,United States,265.09,9425.94
a33716,United States,218.29,9448.8
86dca2,Japan,157.16,7421.88
a19404,United States,63.28,320.04
ad7224,United States,10.29,
acae64,United States,104.74,1508.76
a86e6c,United States,246.87,9624.06
a4e291,United States,44.29,419.1
ac6596,United States,180.35,10751.82
424c9d,United Kingdom,230.74,10736.58
e484f9,Brazil,127.27,2049.78
0aca5e,Colombia,235.03,11719.56
a157d9,United States,53.03,1958.34
ac4b72,United States,218.01,11285.22
ab3282,United States,210.32,10652.76
a6cbdd,United States,92.49,
a05a25,United States,222.29,10469.88
abe2d9,United States,122.63,1089.66
a9e540,United States,64.92,2865.12
a9cb1c,United States,138.01,2621.28
c050cf,Canada,52.08,1569.72
a8758b,United States,201.92,6819.9
ad22e1,United States,0.0,
86dcc4,Japan,251.3,11772.9
aa6bed,United States,247.39,12176.76
a9cb18,United States,136.87,1813.56
c063eb,Canada,189.21,11163.3
0aca2f,Colombia,1.54,
acae7c,United States,30.28,952.5
aa2576,United States,184.96,10828.02
a05a01,United States,5.14,
c1e6d0,Canada,4.63,
adbb39,United States,106.75,1310.64
ac4b95,United States,249.09,9547.86
a29a18,United States,49.49,563.88
a81ee1,United States,101.0,731.52
a1dd2d,United States,220.27,9959.34
7c07f6,Australia,95.25,1013.46
a0c42c,United States,220.18,9357.36
a50e93,United States,254.82,10256.52
a76884,United States,25.85,358.14
a74224,United States,218.02,6736.08
acb59c,United States,247.59,11666.22
ad7282,United States,240.93,9806.94
ad7284,United States,219.5,10835.64
a12ac0,United States,207.01,10523.22
a12ac1,United States,197.02,11155.68
a12ad5,United States,49.84,1143.0
a61b4e,United States,220.92,9304.02
840659,Japan,177.97,9715.5
a562e8,United States,238.68,10858.5
7c4423,Australia,146.54,5989.32
a81ed7,United States,179.75,3771.9
3e0a43,Germany,54.14,746.76
406e10,United Kingdom,292.01,10096.5
7c4428,Australia,210.74,10972.8
acfbfd,United States,148.04,2910.84
acb58a,United States,198.46,3147.06
a33743,United States,237.74,9220.2
a05a68,United States,105.49,1691.64
aa72b1,United States,225.96,9959.34
a33741,United States,71.6,259.08
a37da1,United States,153.82,2766.06
a264a4,United States,163.61,3573.78
4cae27,Ireland,136.44,2651.76
a024d9,United States,85.16,1684.02
a682e3,United States,2.83,
c05ce2,Canada,148.56,3421.38
7817fb,China,202.85,10477.5
4cae28,Ireland,2.31,
4cae29,Ireland,274.06,9029.7
a7f2a5,United States,43.02,1775.46
a9d0fe,United States,161.06,3002.28
7c4415,Australia,140.33,6141.72
a74e7a,United States,78.5,297.18
ac1701,United States,244.95,12176.76
c050a0,Canada,174.89,7528.56
8991da,Taiwan,223.95,11003.28
a12aa1,United States,143.57,1546.86
a62265,United States,79.6,861.06
a682f2,United States,0.0,
a7687b,United States,185.46,11064.24
a9f818,United States,0.0,
ad727d,United States,176.46,9852.66
0aca80,Colombia,0.0,
a958d2,United States,201.53,6964.68
3c8196,Germany,5.14,
c076f4,Canada,55.56,1813.56
a705ee,United States,28.3,7.62
4cae1d,Ireland,268.28,8602.98
a7fed0,United States,249.58,10027.92
a1a7c5,United States,63.39,822.96
0aca89,Colombia,0.0,
a24ade,United States,206.02,11269.98
84b807,Japan,101.64,1325.88
ab4515,United States,202.83,11963.4
a6e720,United States,192.1,9098.28
503e82,Lithuania,210.17,10706.1
a3244a,United States,192.93,5257.8
a24ae3,United States,65.89,731.52
a55d50,United States,79.39,944.88
a384f2,United States,218.19,10058.4
a6972a,United States,49.29,1386.84
4cae6d,Ireland,104.46,1143.0
407ff4,United Kingdom,221.27,10759.44
a2a1a5,United States,5.92,
a1f77d,United States,82.35,3573.78
a43100,United States,243.15,11323.32
4cae96,Ireland,115.51,1455.42
a3376c,United States,75.12,83.82
4cae93,Ireland,7.46,
7c42d1,Australia,0.32,
7c42d8,Australia,196.79,5981.7
a31122,United States,179.84,9166.86
ab8ba5,United States,0.0,
a42a10,United States,228.11,11605.26
7c42d2,Australia,213.92,8625.84
a131ef,United States,67.32,1097.28
704002,Myanmar,104.8,4076.7
a9cb83,United States,95.39,1341.12
a7b7c5,United States,223.62,9433.56
acae16,United States,66.95,2011.68
a384d5,United States,214.21,11513.82
761481,Pakistan,261.43,10995.66
4cae60,Ireland,3.6,
4cae61,Ireland,203.84,5920.74
a32449,United States,213.23,11978.64
a4dab6,United States,206.46,11772.9
ad2ea4,United States,223.02,10058.4
ad2ea1,United States,200.04,10988.04
a9e592,United States,45.34,327.66
ab4541,United States,2.06,
a12ae4,United States,264.41,10988.04
ab3214,United States,109.02,1287.78
a3d4ed,United States,0.0,
a05a6b,United States,80.26,1127.76
a7b7b3,United States,45.51,952.5
ac5e47,United States,3.34,
a69777,United States,69.85,2278.38
c00f37,Canada,64.67,1554.48
a6e72d,United States,156.79,6103.62
adc0fb,United States,43.12,678.18
a33766,United States,240.42,11833.86
a29a37,United States,218.61,10287.0
ab2b2c,United States,193.84,6682.74
e497be,Brazil,253.27,13235.94
aad5ca,United States,233.54,9928.86
ad7e2e,United States,247.92,13601.7
c001fe,Canada,58.64,998.22
a7a59f,United States,134.91,2476.5
30070b,Italy,69.11,350.52
a18195,United States,29.61,373.38
ab8bd7,United States,245.89,8374.38
aabbc9,United States,223.78,11948.16
acae2e,United States,197.24,8686.8
aabbd0,United States,0.0,
c001ed,Canada,230.51,13540.74
a44477,United States,8.75,
a01f37,United States,203.02,7863.84
e497e5,Brazil,158.45,4000.5
ab92c4,United States,276.59,10599.42
ac02b4,United States,0.0,
a086b4,United States,240.5,10309.86
a7f2dc,United States,210.69,10812.78
a099a7,United States,66.75,167.64
4cae9c,Ireland,161.41,6248.4
4ca263,Ireland,137.74,2971.8
a92bec,United States,284.35,11437.62
abeeea,United States,246.42,8313.42
400025,United Kingdom,2.83,
a1d14a,United States,31.08,259.08
a3e7e6,United States,47.69,190.5
abe2a3,United States,196.69,3383.28
4cae8f,Ireland,0.06,
49d287,Czech Republic,203.13,11445.24
ad6b0c,United States,214.21,9502.14
a01f13,United States,240.05,11353.8
ad6b0e,United States,233.83,10652.76
aba891,United States,95.72,1127.76
a1d13b,United States,0.13,
c05186,Canada,11.32,
ab324a,United States,252.29,12237.72
a384f8,United States,192.36,9540.24
ac6573,United States,254.44,11544.3
407fff,United Kingdom,229.09,10751.82
a67d17,United States,239.35,8755.38
400008,United Kingdom,35.5,
aac2e2,United States,245.25,10325.1
abf5da,United States,60.72,982.98
a01f0d,United States,243.3,10797.54
aa127e,United States,195.25,4480.56
aac8a4,United States,245.06,9342.12
a2f4a8,United States,86.69,1257.3
a28ab5,United States,219.2,10957.56
ad038b,United States,167.08,8404.86
a1d4c8,United States,52.97,952.5
a2edb4,United States,219.37,12047.22
a0fd55,United States,167.05,4251.96
a7d276,United States,130.64,2491.74
a291a2,United States,32.03,106.68
a37755,United States,252.14,11178.54
71c351,Republic of Korea,1.54,
a47d11,United States,63.8,7.62
71c352,Republic of Korea,85.82,1645.92
a3b414,United States,8.23,
a30daf,United States,55.13,7.62
781958,China,100.32,1379.22
86831e,Japan,253.86,10751.82
a30dc5,United States,6.94,
ada0c1,United States,69.36,2956.56
adacfd,United States,0.0,
a4970c,United States,61.24,99.06
ac08ae,United States,58.51,952.5
a4cd23,United States,233.95,10370.82
ac3e13,United States,214.95,10728.96
880c43,Thailand,293.91,11056.62
880c42,Thailand,260.03,10812.78
a077fe,United States,43.38,1584.96
880c41,Thailand,10.29,
880c48,Thailand,220.15,12230.1
a9cefe,United States,35.68,236.22
71c378,Republic of Korea,232.38,9243.06
71c375,Republic of Korea,245.91,8557.26
86d31d,Japan,171.09,10218.42
a3b41a,United States,188.38,13365.48
71c379,Republic of Korea,98.77,2598.42
86d334,Japan,167.23,6012.18
a37738,United States,132.53,2926.08
adf068,United States,281.37,9006.84
a50757,United States,250.62,14051.28
a3ad47,United States,211.46,10561.32
a23d25,United States,232.88,9403.08
a9c2ad,United States,278.17,13898.88
71c374,Republic of Korea,192.13,7840.98
71c371,Republic of Korea,0.06,
a554b9,United States,56.07,1577.34
a66db9,United States,48.55,381.0
a0ade2,United States,202.14,9387.84
abe8b6,United States,216.31,11330.94
71c364,Republic of Korea,246.81,8717.28
486072,Kingdom of the Netherlands,266.28,10584.18
a1242d,United States,195.92,6362.7
a4e746,United States,159.62,6568.44
a2573e,United States,74.81,3741.42
71c363,Republic of Korea,177.09,6781.8
71c360,Republic of Korea,295.45,11201.4
a04acc,United States,164.07,11155.68
781986,China,34.05,12237.72
704020,Myanmar,211.32,7208.52
a7824e,United States,249.07,10424.16
800b13,India,216.22,11521.44
a46a30,United States,59.54,182.88
a171f7,United States,29.86,175.26
a6ab5d,United States,65.88,1874.52
ac583f,United States,213.14,9982.2
a314f1,United States,129.95,1760.22
155c62,Russian Federation,1586.33,3017.52
a3778e,United States,219.5,11849.1
7c7a36,Australia,251.35,12336.78
7c7a38,Australia,244.8,9425.94
7c7a39,Australia,0.0,
71c314,Republic of Korea,178.95,4183.38
ad5e27,United States,206.07,8199.12
a54299,United States,150.23,4648.2
a9d5be,United States,33.83,1112.52
aca837,United States,77.82,815.34
7c810d,Australia,133.76,3832.86
4d2322,Malta,251.32,13548.36
71bc23,Republic of Korea,225.16,11826.24
a0a1ee,United States,75.2,1706.88
c03140,Canada,234.26,13655.04
adf06d,United States,261.73,8892.54
ab253b,United States,244.83,6507.48
a35d73,United States,222.97,10066.02
a1c1c7,United States,211.99,8999.22
71c304,Republic of Korea,149.7,4373.88
ac08f5,United States,230.83,11292.84
06a041,Qatar,184.29,4122.42
a0a1f1,United States,29.83,60.96
a47d46,United States,206.49,11064.24
780673,China,190.34,5684.52
a49759,United States,167.03,3474.72
ab72b3,United States,80.28,975.36
a1babb,United States,5.14,
71c339,Republic of Korea,105.09,1097.28
71c337,Republic of Korea,278.05,10462.26
a9e8ce,United States,252.11,10485.12
71c335,Republic of Korea,216.94,5554.98
a051f6,United States,243.35,7749.54
06a053,Qatar,135.08,1371.6
4d2303,Malta,103.02,1234.44
4d2301,Malta,138.08,2103.12
a1d4bc,United States,131.28,2758.44
abe8ea,United States,61.74,754.38
c03160,Canada,0.0,
06a04c,Qatar,244.93,8648.7
a23138,United States,0.0,
a9cecd,United States,213.2,10896.6
a9387f,United States,37.55,243.84
a9e8db,United States,48.44,396.24
71c323,Republic of Korea,143.01,2476.5
a35109,United States,0.0,
a327ee,United States,197.24,5204.46
a36438,United States,42.1,83.82
868316,Japan,175.67,10721.34
a29dee,United States,70.57,655.32
a37765,United States,171.84,9014.46
a1e903,United States,20.58,
a794d9,United States,208.92,7132.32
ac4ffb,United States,220.78,8519.16
a7e4b6,United States,38.24,1592.58
850e14,Japan,168.21,11475.72
7cf5ec,Australia,2.06,
e49aaa,Brazil,214.14,9380.22
7804ea,China,139.3,3268.98
e49aab,Brazil,241.59,9730.74
4d234a,Malta,0.0,
a9873d,United States,221.91,11109.96
a9d71a,United States,49.77,152.4
c0576f,Canada,124.67,1828.8
a53aeb,United States,54.26,1828.8
aaa342,United States,158.84,2308.86
ab7356,United States,41.16,685.8
8468cc,Japan,130.4,2141.22
7448a3,Jordan,206.06,6964.68
ab6020,United States,218.85,9509.76
7448a1,Jordan,266.65,9700.26
a05f37,United States,220.18,10637.52
aca6c0,United States,197.22,4945.38
a36493,United States,141.67,8214.36
a9741d,United States,212.36,6812.28
a301f3,United States,225.24,9044.94
a661bf,United States,0.45,
a3514f,United States,0.0,
abb007,United States,262.35,10934.7
a149c1,United States,175.11,7543.8
a2090d,United States,1.03,
aa0579,United States,43.92,2125.98
4d234e,Malta,230.92,11346.18
7cf5e5,Australia,0.06,
4d2362,Malta,288.94,12367.26
acb9ed,United States,250.96,10195.56
a85453,United States,37.6,868.68
aca6f6,United States,239.79,12473.94
a2dadf,United States,0.0,
c04463,Canada,239.84,12131.04
800b30,India,260.82,10424.16
aaf0c5,United States,120.39,3680.46
ab10d4,United States,217.98,10012.68
a24493,United States,214.14,11224.26
ad50a9,United States,0.0,
a84d62,United States,0.45,
ab7376,United States,254.15,9700.26
aab696,United States,84.5,2110.74
a301df,United States,258.51,9639.3
aa9b42,United States,5.4,
a8fda9,United States,192.03,9776.46
a9d70d,United States,45.42,579.12
a661df,United States,154.73,7383.78
70aebe,Nepal,73.18,
a6014e,United States,51.35,655.32
a77ad8,United States,207.45,6408.42
a1118c,United States,34.27,1318.26
acdc40,United States,254.36,10241.28
a6aaba,United States,208.9,10500.36
4d2341,Malta,228.62,11300.46
aa0559,United States,300.94,11231.88
ac801e,United States,203.73,4846.32
ab10df,United States,249.4,10317.48
a1e946,United States,206.86,5501.64
e49aea,Brazil,89.59,1851.66
a7f7a0,United States,218.02,10462.26
a5a4a0,United States,40.38,685.8
47c968,Norway,0.9,
ad5cfc,United States,83.65,3474.72
a58a19,United States,60.65,281.94
a0c94f,United States,216.95,10020.3
a149f1,United States,173.01,9875.52
a73410,United States,134.93,1920.24
abd690,United States,91.66,3604.26
ad50c9,United States,233.6,9479.28
aaf0e4,United States,42.85,2232.66
406b49,United Kingdom,249.87,11856.72
71c391,Republic of Korea,256.13,10721.34
a6140f,United States,211.23,11841.48
aa52a0,United States,0.0,
880c4b,Thailand,111.39,1219.2
a19965,United States,89.84,2956.56
ab7394,United States,196.24,11247.12
71c395,Republic of Korea,263.38,7536.18
a17303,United States,48.64,1280.16
71c393,Republic of Korea,244.94,10523.22
a44918,United States,218.82,10005.06
aa78f7,United States,119.88,2042.16
a44916,United States,228.44,10789.92
880c52,Thailand,174.39,5494.02
a07991,United States,29.25,15.24
a1863b,United States,277.94,10652.76
c007b3,Canada,64.79,1074.42
a59d63,United States,222.82,9342.12
a12fda,United States,251.14,11544.3
71c387,Republic of Korea,276.06,11483.34
a78da1,United States,222.32,9212.58
a36fa4,United States,208.72,9951.72
71c382,Republic of Korea,248.31,11109.96
a3ad6d,United States,68.14,685.8
a5a4c1,United States,220.32,9730.74
ad036b,United States,213.27,10683.24
a0c936,United States,248.51,11033.76
a7f7af,United States,138.96,2247.9
407e56,United Kingdom,218.21,9784.08
406b22,United Kingdom,133.24,2423.16
a74764,United States,260.16,11551.92
acf69b,United States,228.74,9928.86
3985e4,France,136.47,2065.02
a3ad88,United States,214.75,8526.78
acdc7f,United States,157.64,3421.38
ad0375,United States,229.98,10485.12
a53ad7,United States,168.38,11490.96
a59d5f,United States,0.0,
ad0373,United States,230.96,7383.78
a60d5c,United States,43.08,1028.7
c007d8,Canada,213.6,7627.62
c04413,Canada,3.6,
781934,China,253.93,10866.12
a48499,United States,225.61,8602.98
a3ad99,United States,234.94,13944.6
a44969,United States,227.83,10652.76
aa29d4,United States,77.55,2087.88
a0b65e,United States,58.77,861.06
a4f9d4,United States,46.31,419.1
a123e0,United States,194.97,9349.74
0d0ecf,Mexico,223.21,9037.32
8694d8,Japan,244.95,9883.14
a44963,United States,230.77,8747.76
a123e2,United States,222.85,9951.72
a123e3,United States,246.79,10881.36
a44962,United States,211.59,10683.24
a519da,United States,55.19,2186.94
a123d5,United States,62.21,998.22
a376e1,United States,89.32,2994.66
4b9da1,Turkey,193.95,10706.1
0d0ee3,Mexico,249.33,11148.06
c82c15,New Zealand,7.72,
a2097b,United States,26.95,274.32
ab2fb5,United States,134.12,4168.14
862d50,Japan,311.43,10020.3
a23ce3,United States,84.5,3870.96
a4493e,United States,0.39,
a55636,United States,44.27,281.94
a4493d,United States,212.47,10142.22
a4493c,United States,144.38,4579.62
0d0ef2,Mexico,92.01,861.06
a1d63d,United States,192.41,11925.3
a0b674,United States,50.86,243.84
a0af7c,United States,157.7,10515.6
a0669d,United States,246.54,10439.4
a23ccb,United States,185.83,8862.06
a506d1,United States,241.71,9860.28
a0a30e,United States,255.04,11117.58
ac9f19,United States,102.38,1828.8
a136de,United States,75.51,1325.88
a36fbf,United States,138.6,2438.4
a506d5,United States,198.7,10233.66
850d8c,Japan,239.53,8458.2
a0af67,United States,66.38,1805.94
4d228b,Malta,69.62,152.4
a6893e,United States,235.6,8999.22
a4dfd2,United States,219.28,11628.12
ab6c08,United States,252.28,11551.92
a65c08,United States,192.4,4975.86
8681ba,Japan,215.66,4030.98
7c808f,Australia,3.75,30.48
a04c67,United States,137.58,1760.22
a54312,United States,0.0,
a1bc29,United States,273.62,10629.9
e49b90,Brazil,198.1,12961.62
3c08c9,Germany,217.96,5615.94
ada167,United States,236.21,10713.72
407cf7,United Kingdom,0.0,
8681b2,Japan,165.57,8816.34
a123bf,United States,229.96,10035.54
a4719e,United States,59.43,205.74
a0fcd4,United States,276.63,8930.64
8681b0,Japan,314.92,11955.78
440666,Austria,235.44,10485.12
8681b6,Japan,211.67,11209.02
a1998a,United States,83.97,579.12
8681b3,Japan,172.06,6339.84
862d72,Japan,175.21,8968.74
abe930,United States,197.83,5189.22
8681b7,Japan,274.68,10340.34
a20980,United States,213.44,11993.88
440670,Austria,241.18,10088.88
a4491a,United States,91.34,853.44
8681aa,Japan,206.14,6332.22
8681ae,Japan,172.85,10218.42
8681ab,Japan,165.97,10858.5
a32952,United States,61.66,1036.32
aab624,United States,43.97,1432.56
acef18,United States,114.03,1455.42
a71a72,United States,240.29,12092.94
ad6fb5,United States,44.97,784.86
a2ef8e,United States,54.01,403.86
a804fe,United States,193.76,13510.26
a41014,United States,189.62,12992.1
ab7f50,United States,234.18,7543.8
aa51fe,United States,7.72,
a72167,United States,135.38,9509.76
c03bfb,Canada,206.32,10622.28
85d7c0,Japan,136.0,2377.44
a0a36d,United States,57.93,1097.28
7c3e75,Australia,61.92,2583.18
a30361,United States,42.56,304.8
abcf2f,United States,230.45,10355.58
abd627,United States,0.9,
7c585f,Australia,214.45,10759.44
a924fc,United States,187.68,3169.92
ada16f,United States,136.42,1150.62
c8200b,New Zealand,112.73,4823.46
aa9a70,United States,80.36,
ac4fd8,United States,3.34,
c880a8,Fiji,218.36,12603.48
84b7d8,Japan,131.58,1729.74
7c453a,Australia,44.03,396.24
ad0f29,United States,209.62,9364.98
a376ec,United States,205.45,11353.8
862d2e,Japan,317.38,11292.84
503cba,Lithuania,164.22,5364.48
a1e99d,United States,246.45,12748.26
a44983,United States,222.76,9966.96
a44982,United States,227.23,10698.48
a90aaa,United States,180.05,5798.82
a2d000,United States,0.06,
7c2b0b,Australia,30.0,868.68
a36fff,United States,214.53,8267.7
a8b760,United States,193.23,4953.0
a42323,United States,200.21,11437.62
a8b75a,United States,265.9,10904.22
ac56ba,United States,217.96,6995.16
a243cb,United States,173.55,3489.96
a95a1c,United States,240.69,10454.64
a8b75f,United States,264.22,9646.92
48c1a8,Poland,260.88,9768.84
84b7e5,Japan,179.94,11430.0
a7e4fb,United States,182.47,5798.82
a18694,United States,239.51,11871.96
a2934f,United States,145.37,822.96
868dd7,Japan,212.63,9601.2
ac3cbc,United States,241.79,13426.44
a84151,United States,54.55,4084.32
a9876e,United States,310.18,9151.62
a1bc3b,United States,62.35,
4b9dec,Turkey,55.22,
a8a43a,United States,73.57,228.6
aa9a57,United States,1.03,
a110e3,United States,74.36,1455.42
503cc0,Lithuania,5.4,
a98785,United States,287.69,10767.06
a4495c,United States,255.9,10401.3
7cf678,Australia,0.06,
adb401,United States,222.37,8374.38
7cf674,Australia,4.12,
aaf111,United States,218.08,10500.36
7cf676,Australia,5.92,
4cad64,Ireland,80.59,411.48
ac5765,United States,253.62,11620.5
a7d316,United States,212.86,12260.58
ad5d47,United States,135.06,3741.42
a11e02,United States,70.67,472.44
ad5d49,United States,159.2,3375.66
a92650,United States,225.04,10957.56
aab4e0,United States,52.97,2270.76
06a078,Qatar,255.1,10485.12
4cad4f,Ireland,226.57,10728.96
aca757,United States,216.73,10927.08
ad7760,United States,166.41,4739.64
a3f057,United States,47.66,2331.72
06a072,Qatar,216.13,11315.7
a7df59,United States,193.22,11452.86
06a081,Qatar,232.28,9585.96
06a080,Qatar,226.52,9471.66
4c01e5,Serbia,213.75,9212.58
a3f04a,United States,210.35,8473.44
c055c6,Canada,177.1,4625.34
c055c9,Canada,134.28,2103.12
a89c23,United States,266.06,10126.98
7cf64a,Australia,4.12,
c055d2,Canada,110.05,2080.26
a9d6b8,United States,229.22,14577.06
a92664,United States,46.78,335.28
a3a0eb,United States,235.21,8755.38
7c801e,Australia,116.8,5760.72
3c4589,Germany,239.1,10020.3
06a092,Qatar,223.76,8237.22
3c4588,Germany,262.83,10485.12
ad6446,United States,124.13,2095.5
c055eb,Canada,120.78,1287.78
4cad48,Ireland,278.42,12534.9
06a07d,Qatar,239.05,11536.68
a7cc55,United States,69.25,502.92
a4c0db,United States,152.96,3246.12
a80689,United States,232.86,11993.88
4cad45,Ireland,159.63,2049.78
3482d5,Spain,312.5,12245.34
39cf05,France,267.38,11376.66
aa4c3e,United States,204.33,6256.02
a1bc9f,United States,59.55,1661.16
ab6af3,United States,117.57,1524.0
3949e9,France,265.54,12374.88
7cf649,Australia,0.45,
4cad2b,Ireland,119.19,1844.04
3c4584,Germany,232.63,8671.56
7c8002,Australia,40.22,236.22
a733e6,United States,231.5,9250.68
7c8001,Australia,56.2,2049.78
3c4599,Germany,249.88,10401.3
c82089,New Zealand,189.13,6591.3
a2f694,United States,52.39,815.34
4d21b1,Malta,270.47,9745.98
ab0a73,United States,0.0,
a1bc92,United States,263.3,10248.9
3c458e,Germany,270.7,7757.16
a7d31b,United States,38.48,228.6
06a09b,Qatar,215.43,10111.74
a600e4,United States,251.05,12573.0
a41c69,United States,0.0,
155c34,Russian Federation,43.21,
7cf62d,Australia,8.23,
ad775d,United States,228.28,8229.6
7cf62e,Australia,0.0,
ab0a76,United States,166.1,3352.8
8406e8,Japan,171.6,4945.38
3c4592,Germany,210.5,9921.24
aa797d,United States,58.0,396.24
3c4590,Germany,259.65,10949.94
abd4e7,United States,191.92,6667.5
acdaa5,United States,256.31,13860.78
4cad3a,Ireland,227.01,9768.84
3c4597,Germany,299.31,10706.1
ac578c,United States,200.72,11849.1
7cf639,Australia,5.92,
c00899,Canada,194.12,11094.72
a5a62f,United States,243.24,12588.24
ab2496,United States,73.05,175.26
0d0f91,Mexico,75.62,2362.2
a0053e,United States,54.55,472.44
ac91cd,United States,251.63,12108.18
abc1bc,United States,0.06,
a01880,United States,228.94,9875.52
ac91ce,United States,76.05,3337.56
e4a2d6,Brazil,85.44,1013.46
a78304,United States,126.69,7185.66
e4a2d5,Brazil,257.22,11315.7
7c806f,Australia,243.82,10073.64
a41096,United States,239.23,12755.88
a0fe31,United States,74.34,1028.7
4d21eb,Malta,136.04,1706.88
ad01ab,United States,0.0,
ac91d4,United States,274.2,10172.7
a53001,United States,121.5,2567.94
846910,Japan,234.91,5882.64
a53006,United States,214.03,10652.76
ad5d5f,United States,233.05,7459.98
a04bbe,United States,193.95,4053.84
aa03a2,United States,62.8,434.34
a0c8f2,United States,39.3,251.46
a24526,United States,213.05,10180.32
aa4c1a,United States,206.92,11414.76
ab0a92,United States,7.72,
862d94,Japan,7.46,
ab0a95,United States,9.26,
a2d094,United States,41.18,647.7
407cd2,United Kingdom,243.18,8412.48
adb437,United States,206.26,8046.72
a79625,United States,262.17,12214.86
a29eb6,United States,228.47,10187.94
a22b09,United States,60.15,1188.72
acedf5,United States,231.75,11559.54
acdac6,United States,103.06,7261.86
a2450b,United States,4.37,
a29eac,United States,166.85,3611.88
a198ed,United States,273.36,11117.58
a72ca2,United States,264.75,12062.46
aca788,United States,218.68,11178.54
a97fc9,United States,214.63,11818.62
86ddf0,Japan,261.75,10561.32
e49b51,Brazil,195.06,5334.0
aa4c12,United States,54.99,1264.92
a3b3df,United States,247.39,10972.8
151fc3,Russian Federation,259.71,10828.02
a80641,United States,227.57,10073.64
a198c4,United States,37.58,1501.14
a208b1,United States,224.49,9319.26
4c01ee,Serbia,231.02,10477.5
a6897c,United States,43.77,838.2
7cf67b,Australia,0.0,
a9618a,United States,185.64,6195.06
ab0a9d,United States,247.93,10172.7
a866aa,United States,227.46,9639.3
a4105b,United States,140.44,2987.04
aaea8c,United States,110.3,1676.4
a7cc01,United States,64.89,2430.78
151fb5,Russian Federation,27.44,3672.84
4d21f0,Malta,99.96,1158.24
a7cc00,United States,63.62,845.82
ad5d95,United States,212.49,6903.72
0d0380,Mexico,215.96,8755.38
ad646e,United States,218.51,9806.94
7cf66f,Australia,7.72,
a5ffeb,United States,38.62,2362.2
a1b092,United States,9.77,
a6765e,United States,47.85,1325.88
45d965,Denmark,156.55,3268.98
a302a0,United States,73.13,144.78
a49857,United States,73.63,2103.12
a292aa,United States,34.78,1386.84
a25886,United States,275.92,13197.84
a54eac,United States,162.61,8801.1
a448db,United States,5.66,
78072a,China,299.38,9921.24
881427,Thailand,159.25,2979.42
a5ee13,United States,229.43,8907.78
e4a393,Brazil,209.31,10363.2
881421,Thailand,232.64,8473.44
e4a391,Brazil,182.35,5920.74
e4a390,Brazil,127.67,2849.88
71bd87,Republic of Korea,243.52,10157.46
a0fe7a,United States,237.11,9395.46
71bd85,Republic of Korea,219.0,6507.48
a90059,United States,40.3,243.84
39c495,France,85.55,441.96
aac9d3,United States,70.01,434.34
a28bc9,United States,59.68,571.5
a448d7,United States,237.55,9730.74
a448d5,United States,227.52,9304.02
a0a2bd,United States,183.02,10416.54
45d970,Denmark,189.37,9707.88
0d0f5f,Mexico,195.85,4602.48
0d0f5e,Mexico,231.46,10988.04
a35202,United States,69.76,2956.56
a28bbf,United States,209.87,11963.4
a30ee0,United States,44.09,1059.18
a53ba4,United States,95.98,723.9
a448d1,United States,183.79,5875.02
4b9e43,Turkey,230.97,7711.44
780750,China,64.19,198.12
4b9e44,Turkey,178.86,10706.1
a448ba,United States,225.85,11254.74
a28bb8,United States,6.43,
a675a9,United States,200.12,5311.14
a09b53,United States,61.39,571.5
a91382,United States,289.03,12001.5
a28baa,United States,143.44,4792.98
ac2c10,United States,220.95,10668.0
a3fbc7,United States,73.57,1379.22
ab2647,United States,50.46,2308.86
a86810,United States,66.06,2910.84
a7d39a,United States,216.51,10690.86
a36516,United States,253.39,11551.92
a2452f,United States,254.97,10248.9
a89086,United States,222.13,10652.76
4d20ff,Malta,241.28,11071.86
a2452c,United States,87.47,2011.68
a2452a,United States,264.97,10660.38
aa79a6,United States,211.54,11201.4
a35254,United States,262.9,11109.96
a7e691,United States,153.9,4030.98
ac2c23,United States,241.67,9006.84
7c2be5,Australia,59.04,1562.1
abbca1,United States,242.28,11559.54
7c2be7,Australia,165.61,7787.64
ab3989,United States,207.18,8366.76
0d0f14,Mexico,156.79,4030.98
76b450,Singapore,222.2,8884.92
a24591,United States,178.45,3581.4
34718e,Spain,207.33,10279.38
7c2be9,Australia,177.94,7734.3
a42efc,United States,241.5,8343.9
4b9e4a,Turkey,13.38,
a6a03c,United States,42.73,1767.84
7c7b55,Australia,59.43,762.0
7cf865,Australia,218.8,9456.42
ac2c33,United States,276.05,8938.26
76b44f,Singapore,99.3,1211.58
a5307f,United States,215.55,10264.14
a6506d,United States,140.42,3002.28
a1c2e3,United States,276.76,12321.54
a06703,United States,230.48,9250.68
7c7b45,Australia,47.91,289.56
a34b64,United States,228.95,11170.92
4c0222,Serbia,248.33,10447.02
ac3f4c,United States,184.72,3406.14
ab398f,United States,45.07,1074.42
800c3e,India,228.68,10104.12
ac9fe9,United States,273.18,11277.6
aca948,United States,220.47,10111.74
adf194,United States,207.0,10652.76
a2589d,United States,97.2,4312.92
71aa47,Republic of Korea,69.12,632.46
ab0018,United States,23.47,
7c2bc6,Australia,236.02,7094.22
c88019,Fiji,118.99,1813.56
7c2bc5,Australia,211.31,10927.08
a4e80d,United States,61.07,236.22
7c3ef5,Australia,67.19,1028.7
0d0f35,Mexico,257.45,12359.64
a448fc,United States,7.72,
a24573,United States,258.87,10195.56
a65086,United States,260.13,10347.96
aa9afc,United States,99.63,1943.1
a7706b,United States,252.38,14043.66
a91349,United States,264.13,11513.82
a292c9,United States,176.84,6499.86
a9d6e0,United States,44.19,1120.14
a8f338,United States,219.53,10614.66
ac2c56,United States,243.89,11224.26
a28be1,United States,189.35,12009.12
a47206,United States,61.15,1584.96
a3c847,United States,199.33,3695.7
a3520e,United States,118.95,1943.1
ac8ce5,United States,238.63,10759.44
aca94b,United States,75.3,129.54
a9cff2,United States,53.03,1120.14
0c43b0,Dominican Republic,83.4,1638.3
a720eb,United States,188.9,5852.16
ac3338,United States,210.33,9974.58
a9cff8,United States,178.45,5943.6
a36556,United States,198.98,6522.72
a973e0,United States,263.45,11551.92
a448f6,United States,86.95,434.34
a448f5,United States,216.73,10233.66
4d2237,Malta,145.33,1866.9
7c3381,Australia,27.65,251.46
4cabd1,Ireland,268.28,10256.52
ac2abd,United States,208.0,6499.86
4cabd3,Ireland,248.47,9677.4
ac943f,United States,74.54,1295.4
ac8d5c,United States,223.15,8290.56
abaa1a,United States,266.0,9204.96
a6fb2e,United States,236.44,12809.22
acca19,United States,232.08,9959.34
4d221f,Malta,0.0,
4d221a,Malta,232.86,11407.14
ab0adf,United States,80.54,2270.76
a89bab,United States,62.93,693.42
a97549,United States,42.7,198.12
8469ec,Japan,266.24,10264.14
a6abcc,United States,235.67,7437.12
ac7a33,United States,202.99,11239.5
a18723,United States,233.12,9486.9
a71b43,United States,138.87,2118.36
ab879f,United States,226.04,10005.06
abc455,United States,188.26,11643.36
a3a27a,United States,211.01,8389.62
adc7bd,United States,43.49,952.5
a7e5c1,United States,236.74,11026.14
43c172,United Kingdom,187.76,10988.04
a4ce9d,United States,280.86,10203.18
a137b0,United States,157.3,4991.1
a9ab07,United States,232.58,7932.42
4cabd4,Ireland,0.0,
a4bb97,United States,67.41,1965.96
a422da,United States,2.06,
acf76f,United States,44.95,2301.24
a4bb8a,United States,13.38,
a017a8,United States,227.63,9944.1
7c80ae,Australia,137.43,5410.2
800c4a,India,6.43,
a3526a,United States,62.47,1508.76
4c0242,Serbia,145.23,5623.56
abc478,United States,179.23,4343.4
4c0241,Serbia,113.98,5646.42
a47244,United States,207.53,7040.88
4c0244,Serbia,130.64,5638.8
a7def8,United States,153.27,3116.58
a805f3,United States,195.94,3649.98
a9d836,United States,44.05,1257.3
a782e4,United States,146.52,2164.08
abb12d,United States,260.02,12115.8
aaf1f2,United States,76.14,228.6
7c80b9,Australia,4.37,68.58
a47e89,United States,221.37,11277.6
aa9000,United States,54.53,2255.52
a4ce64,United States,221.91,13815.06
a1bd0a,United States,46.71,419.1
ab616f,United States,212.63,11102.34
aa4ce2,United States,118.54,1440.18
a65bb7,United States,253.9,11064.24
a5ee51,United States,186.66,6240.78
84091b,Japan,196.57,11346.18
c008f0,Canada,0.0,
a124b5,United States,199.52,4930.14
abbd8d,United States,206.28,4739.64
a6d8e7,United States,217.71,11056.62
a35da8,United States,129.08,2377.44
a0543b,United States,1.29,
7c80fb,Australia,117.92,5074.92
adea33,United States,74.14,1051.56
ac8176,United States,0.0,
aaf1fa,United States,246.04,9730.74
a688ff,United States,0.0,
a90090,United States,34.92,876.3
a29405,United States,13.5,266.7
c0583a,Canada,0.64,
a6286f,United States,231.04,13395.96
ab618b,United States,218.52,10660.38
a11db4,United States,102.01,1851.66
a84200,United States,203.75,10264.14
c03210,Canada,180.07,5021.58
a16d22,United States,238.19,11841.48
406c3a,United Kingdom,220.99,12443.46
3c55c1,Germany,216.17,9982.2
86d492,Japan,83.86,1379.22
c88098,Fiji,213.7,12176.76
a72e5b,United States,55.15,571.5
abb172,United States,104.68,982.98
a7dec2,United States,118.29,2933.7
a65bbc,United States,265.46,10561.32
a0541b,United States,213.11,10668.0
0d01e0,Mexico,200.86,8923.02
aa79f6,United States,203.94,4511.04
c8809d,Fiji,230.27,13106.4
ac3f09,United States,210.84,8945.88
ad4afe,United States,187.63,
ad049a,United States,229.1,8907.78
801397,India,316.73,11209.02
a9b0ed,United States,253.59,8557.26
7c80f6,Australia,132.76,5394.96
78071e,China,1.8,
c04535,Canada,72.33,998.22
a72213,United States,208.0,9723.12
a5db2c,United States,1.8,
4cabf8,Ireland,256.33,11117.58
70afb7,Nepal,256.8,11010.9
a6c705,United States,33.93,502.92
e49a96,Brazil,242.44,11864.34
c008a9,Canada,248.71,10500.36
a1878a,United States,240.25,10881.36
a4e7c9,United States,247.42,11056.62
7c5962,Australia,43.55,1417.32
a22ac6,United States,0.0,
a9ab87,United States,0.0,
a39a19,United States,139.92,1211.58
a0a457,United States,237.39,10888.98
c05819,Canada,74.37,1501.14
ab8726,United States,55.05,2042.16
a231c1,United States,67.26,861.06
c030fd,Canada,231.5,9989.82
a39a13,United States,257.7,7543.8
a67735,United States,37.51,228.6
861b47,Japan,269.88,10622.28
0d0dd1,Mexico,207.46,12161.52
a3adce,United States,157.95,6286.5
a3b4c7,United States,219.76,8778.24
a3b4c8,United States,6.69,
0d0dd9,Mexico,246.41,10462.26
a53d2c,United States,254.89,10027.92
a42405,United States,201.21,12969.24
a67748,United States,4.89,
a0fde6,United States,235.45,9387.84
ada296,United States,270.68,10447.02
ab1db2,United States,0.64,
a9b23d,United States,48.92,1021.08
a124d4,United States,212.79,9989.82
a3b4d6,United States,237.68,10751.82
0d0de3,Mexico,0.9,
86d2aa,Japan,209.06,5775.96
a27a26,United States,212.16,7559.04
a9c57c,United States,128.78,2065.02
7c3f17,Australia,200.84,8100.06
a05470,United States,195.16,7627.62
0d0ddb,Mexico,165.64,5212.08
c03e07,Canada,223.27,11186.16
ab5a01,United States,207.12,11239.5
a53d54,United States,48.33,388.62
861b64,Japan,202.3,4183.38
7c3f0a,Australia,0.39,
a3f120,United States,177.53,4884.42
ac57af,United States,2.31,
ac57d2,United States,231.0,7444.74
a83b6a,United States,62.49,784.86
aafdc4,United States,215.0,11803.38
850e58,Japan,165.97,11490.96
a41131,United States,126.94,2141.22
407f19,United Kingdom,264.46,11041.38
ab37f0,United States,46.65,1973.58
abbd0a,United States,0.0,
c82b32,New Zealand,231.69,5974.08
a2dd86,United States,53.71,1280.16
a1b162,United States,122.4,2316.48
a912f0,United States,176.92,4587.24
a34ae0,United States,211.89,9067.8
4cac16,Ireland,12.23,8488.68
4cac10,Ireland,251.71,10622.28
a96e9a,United States,232.01,11201.4
aaa438,United States,248.48,11026.14
861b06,Japan,183.73,5372.1
a27a70,United States,194.77,5958.84
a471a8,United States,48.94,609.6
a1b153,United States,9.99,411.48
c82b43,New Zealand,55.66,617.22
a00605,United States,52.79,952.5
a34ae6,United States,125.01,1805.94
a5e287,United States,34.78,502.92
a41117,United States,163.2,7574.28
7c330e,Australia,53.78,1402.08
ac8d3c,United States,260.09,10248.9
a2d122,United States,71.12,1371.6
7c3f5c,Australia,126.45,5280.66
c030eb,Canada,211.01,9989.82
a0a480,United States,10.8,
0291a4,Tunisia,127.0,899.16
710056,Saudi Arabia,242.34,8877.3
710055,Saudi Arabia,234.92,9525.0
0d0da4,Mexico,216.78,12169.14
acdd1b,United States,229.73,10088.88
aa9b82,United States,182.89,4030.98
ac31a1,United States,202.77,10949.94
a9755d,United States,34.5,182.88
ab24f1,United States,138.85,4259.58
850e7a,Japan,95.17,1211.58
abaa0e,United States,218.2,10591.8
ab6d73,United States,30.08,632.46
a3adb9,United States,245.65,9646.92
a3176b,United States,283.01,9951.72
a9d871,United States,51.41,967.74
a7d2f1,United States,206.49,6888.48
861b28,Japan,0.06,
868ee4,Japan,287.59,11643.36
a3c7d6,United States,62.77,1684.02
48c2b2,Poland,238.21,11338.56
48c2b0,Poland,227.01,10706.1
abbd47,United States,0.0,
886289,Thailand,257.24,13167.36
a17fb5,United States,266.5,11148.06
ad6543,United States,56.14,1447.8
a72dfd,United States,56.94,2042.16
886281,Thailand,296.05,12252.96
71c516,Republic of Korea,233.04,6385.56
a079db,United States,81.49,563.88
7c7a5d,Australia,37.68,662.94
a6c781,United States,231.95,10835.64
4cac46,Ireland,227.77,11666.22
a89d59,United States,252.28,9273.54
a0afa5,United States,249.23,12054.84
ac3e5d,United States,199.15,11452.86
3c3d54,Germany,18.52,
71c514,Republic of Korea,213.74,6576.06
a471ec,United States,250.84,10934.7
ad0ee3,United States,279.1,14340.84
ac92b1,United States,198.65,9113.52
48c2a2,Poland,132.84,1981.2
a5a790,United States,46.2,121.92
71be29,Republic of Korea,253.95,9227.82
a079f0,United States,64.44,1333.5
a28191,United States,47.87,868.68
a12622,United States,220.72,10012.68
71be24,Republic of Korea,225.82,8930.64
a12625,United States,201.11,10195.56
aceebc,United States,109.97,2278.38
7c7a4a,Australia,194.48,11369.04
a3c906,United States,203.02,13441.68
c043b7,Canada,211.69,10713.72
7c7a4d,Australia,210.14,12222.48
4cac56,Ireland,232.15,11338.56
a9d7e3,United States,4.12,
4cac53,Ireland,192.8,10668.0
a867f5,United States,50.17,
a1b190,United States,51.86,4411.98
aab5ff,United States,73.05,731.52
a50900,United States,125.76,1722.12
a209c0,United States,67.66,15.24
75807f,Philippines,64.71,266.7
800af4,India,126.09,
ac3e80,United States,215.11,10782.3
a84dce,United States,1.8,
71be19,Republic of Korea,242.28,11155.68
800af1,India,64.78,670.56
7c7a3e,Australia,255.51,11719.56
a5e1db,United States,31.09,30.48
adae4d,United States,54.53,1844.04
a471e0,United States,232.36,10995.66
850dae,Japan,174.61,6568.44
aa4d77,United States,215.69,10591.8
a1b16c,United States,86.99,1173.48
a52a99,United States,236.71,8755.38
71c538,Republic of Korea,159.16,2583.18
7c7a3d,Australia,142.61,2766.06
ad4b54,United States,246.94,9822.18
71c530,Republic of Korea,1.8,
5113c3,Estonia,4.37,
71c536,Republic of Korea,243.37,7399.02
acf5f4,United States,74.72,464.82
4cac0d,Ireland,253.2,11803.38
ac2b61,United States,240.69,11018.52
adb52e,United States,44.54,1203.96
71be41,Republic of Korea,193.7,3825.24
a066a3,United States,0.06,
8514b4,Japan,69.72,365.76
a77d89,United States,221.76,6781.8
aaeb6a,United States,119.44,1783.08
343694,Spain,141.75,1714.5
8527e8,Japan,96.95,1219.2
a066a8,United States,8.75,
a6b463,United States,83.05,1089.66
71c528,Republic of Korea,196.02,10302.24
886292,Thailand,300.82,11871.96
867d00,Japan,1.03,
a41144,United States,67.85,594.36
7c2ad8,Australia,0.0,
a2ca5d,United States,232.02,10980.42
ac2b6c,United States,219.72,8145.78
7c7a47,Australia,238.3,12397.74
7c7a48,Australia,222.17,8084.82
a05fc9,United States,27.9,876.3
7c7a49,Australia,196.42,6781.8
a27a94,United States,3.6,
151ecf,Russian Federation,241.5,9989.82
c069da,Canada,57.11,53.34
a11f5a,United States,151.04,3063.24
a9b29e,United States,45.97,594.36
aa9ab6,United States,239.59,9052.56
a89d0a,United States,9.26,
aa542f,United States,240.25,8161.02
a6b414,United States,59.56,1051.56
acdbf4,United States,120.28,1920.24
4cac86,Ireland,147.6,2057.4
a5f4c6,United States,44.82,2019.3
acdbec,United States,234.11,10645.14
86d2cc,Japan,200.75,3421.38
ac2b80,United States,220.27,11315.7
ad6595,United States,8.23,
a3f133,United States,214.78,9098.28
4cac8c,Ireland,224.08,10759.44
a35f29,United States,160.55,4122.42
8682f4,Japan,0.0,
ada227,United States,267.45,9563.1
885b47,Thailand,227.26,11643.36
a053cb,United States,5.4,
a53d80,United States,239.93,10835.64
a5a764,United States,43.71,2247.9
a053e3,United States,89.29,563.88
a987bf,United States,209.31,9357.36
a11338,United States,92.77,5631.18
a747cb,United States,198.72,4724.4
49d034,Czech Republic,226.02,10934.7
39c427,France,194.64,10927.08
ace2f9,United States,43.63,342.9
39c429,France,254.53,10401.3
71be10,Republic of Korea,230.68,9951.72
ad526b,United States,162.52,4495.8
a71aad,United States,4.63,
ad526c,United States,256.86,11445.24
39c422,France,291.19,11635.74
a449a4,United States,195.79,8740.14
a449a2,United States,224.07,9989.82
a2d18a,United States,53.84,655.32
a449a1,United States,3.09,
a449a8,United States,207.12,9235.44
86d2ee,Japan,191.04,10934.7
c04ff7,Canada,220.45,11087.1
a066e3,United States,236.17,13411.2
a5ede3,United States,226.39,11536.68
c04fe4,Canada,54.26,7.62
a4c1d8,United States,6.43,
acdbef,United States,200.11,5516.88
c056c6,Canada,123.23,2324.1
a79768,United States,215.33,11224.26
a89d22,United States,101.0,1996.44
aaf29f,United States,251.58,11620.5
86228c,Japan,177.64,9646.92
0d0e9f,Mexico,234.02,12961.62
407dbf,United Kingdom,241.61,8900.16
a11317,United States,49.05,1226.82
a11f59,United States,249.51,10424.16
7c8170,Australia,33.85,1120.14
e49a2e,Brazil,133.46,2575.56
a2a915,United States,234.43,10020.3
a43ea7,United States,222.79,10302.24
a983f3,United States,172.67,4297.68
a8fc72,United States,206.18,9883.14
a14878,United States,59.22,403.86
acf486,United States,83.66,533.4
ace13e,United States,71.55,251.46
a0c5c6,United States,99.81,2080.26
a43ea2,United States,76.65,137.16
a2e09a,United States,228.06,11330.94
abba6c,United States,180.8,10317.48
801403,India,172.99,1409.7
71c599,Republic of Korea,76.07,624.84
a24e39,United States,221.6,10241.28
0c20a4,Panama,230.3,11407.14
a37517,United States,212.78,10858.5
a8fc73,United States,238.7,9738.36
a8a0c1,United States,215.85,10584.18
abba93,United States,256.7,9128.76
aced7a,United States,204.71,5295.9
a12226,United States,43.42,2286.0
a12227,United States,38.65,441.96
a78c8f,United States,200.26,9006.84
a8a0bc,United States,220.33,5814.06
71c587,Republic of Korea,195.24,5958.84
7c3fe8,Australia,0.0,320.04
a92384,United States,242.98,10317.48
a1f8d3,United States,260.8,12786.36
789203,China,287.71,11780.52
a05bde,United States,0.0,
ac916e,United States,39.13,2164.08
a38836,United States,0.77,
71c582,Republic of Korea,151.8,2377.44
a24e45,United States,48.64,388.62
71c581,Republic of Korea,211.78,10241.28
ad61de,United States,223.93,10248.9
a3c514,United States,214.42,10538.46
789206,China,7.2,
a2e098,United States,234.13,8877.3
a11b00,United States,233.48,9471.66
aa4a90,United States,227.32,11026.14
aaa19e,United States,212.49,10309.86
a6c39d,United States,87.75,2659.38
48c12c,Poland,0.0,
c00700,Canada,90.03,1158.24
acf492,United States,216.7,9677.4
a850dc,United States,243.89,11727.18
7c3fc3,Australia,113.21,7002.78
a0c5b5,United States,78.3,297.18
48c131,Poland,228.05,11338.56
a9e6df,United States,177.89,6858.0
a92361,United States,200.29,9189.72
ab1c04,United States,144.29,3406.14
a92362,United States,8.75,
a00228,United States,5.66,
a92365,United States,224.08,9928.86
78921a,China,277.74,11643.36
a5f0ae,United States,10.8,
800d52,India,131.63,4777.74
a48e53,United States,45.41,2613.66
7cf992,Australia,93.65,2766.06
a996e1,United States,259.66,8648.7
ac4f29,United States,200.2,11452.86
a062ec,United States,0.0,
a35b39,United States,188.01,10309.86
a5669f,United States,0.0,
a983b7,United States,0.0,
a1e5f1,United States,7.46,
a85ce8,United States,178.34,10302.24
48c122,Poland,226.33,9235.44
a80349,United States,61.91,251.46
a062ef,United States,253.35,10896.6
a3b0f3,United States,0.0,
7c7c77,Australia,0.0,
789234,China,108.56,1074.42
a2fee9,United States,221.17,12070.08
a36e73,United States,251.47,10393.68
a6c33f,United States,214.28,6004.56
ac06a1,United States,209.87,7597.14
a36228,United States,82.14,2644.14
a9cca5,United States,103.45,1706.88
a48e46,United States,212.53,11262.36
7c7c76,Australia,170.61,6454.14
a92f81,United States,86.06,2164.08
a17bfe,United States,153.84,1767.84
a35b27,United States,224.47,10264.14
a0b2db,United States,218.4,12816.84
a80329,United States,205.22,10652.76
a7e318,United States,191.89,10073.64
789248,China,97.12,960.12
789246,China,284.86,11742.42
a30bc9,United States,64.67,441.96
a80f75,United States,44.74,807.72
a7ef4b,United States,200.43,10309.86
3c4252,Germany,5.14,
aa779d,United States,89.51,1005.84
a2422c,United States,58.73,1623.06
a8b3c2,United States,89.04,2286.0
a23b55,United States,0.0,
86d538,Japan,148.91,2491.74
86e866,Japan,301.6,12390.12
acb92e,United States,138.08,7574.28
a12e80,United States,223.0,9913.62
10fa15,Russian Federation,0.0,
a6cf9c,United States,211.1,10058.4
a49510,United States,222.85,10767.06
71c579,Republic of Korea,71.66,152.4
800d2d,India,234.44,7772.4
71c577,Republic of Korea,3.34,
a9dfb7,United States,63.28,876.3
a66c99,United States,152.27,4030.98
a182ae,United States,246.9,9128.76
acffb4,United States,154.99,3162.3
71c570,Republic of Korea,261.9,10515.6
abf9d5,United States,213.9,11117.58
51009c,Belarus,0.0,
ad1fbe,United States,59.51,121.92
ab3655,United States,88.4,1432.56
ad8935,United States,223.2,9189.72
a67399,United States,201.2,4983.48
ab8fee,United States,245.84,11559.54
801428,India,88.5,-53.34
aa5130,United States,199.03,4655.82
ac9cb1,United States,47.34,274.32
801432,India,2.06,
0c20b4,Panama,272.19,11269.98
ad1fc8,United States,223.16,10081.26
71c562,Republic of Korea,62.67,1455.42
789265,China,276.43,10690.86
71c567,Republic of Korea,251.02,8214.36
aaacc3,United States,219.96,10287.0
7c46f5,Australia,61.74,2567.94
a205e5,United States,84.03,868.68
a7f660,United States,125.66,9250.68
ace19e,United States,57.77,891.54
a7f662,United States,41.06,1417.32
aaad49,United States,5.92,
a85e2b,United States,9.26,
a3be7c,United States,62.04,38.1
4691c2,Greece,252.84,11247.12
a6bba3,United States,121.92,1341.12
ad2736,United States,269.64,10683.24
aa76ef,United States,220.55,11887.2
710111,Saudi Arabia,266.67,9784.08
710110,Saudi Arabia,228.76,6713.22
aab431,United States,0.0,
a828e1,United States,238.78,11216.64
a12295,United States,53.62,297.18
a4cb55,United States,30.6,1706.88
ad87aa,United States,71.0,350.52
a4955d,United States,162.53,5029.2
a48e81,United States,0.0,
aa63c8,United States,98.82,1844.04
4d2124,Malta,196.66,11277.6
a6cec4,United States,213.0,7391.4
a445ec,United States,214.54,10553.7
a445ee,United States,180.68,3169.92
aac75f,United States,56.24,2804.16
801499,India,211.64,5288.28
a75864,United States,29.93,53.34
ac3aa8,United States,212.76,11925.3
a445f2,United States,226.16,10157.46
a6d5b2,United States,49.92,2316.48
a708ef,United States,257.79,12664.44
710104,Saudi Arabia,226.88,9555.48
710103,Saudi Arabia,210.74,6286.5
a3ab6e,United States,48.26,647.7
0c2188,Panama,233.17,10751.82
a7eeca,United States,44.24,1333.5
7c7af0,Australia,56.72,1661.16
010160,Egypt,169.57,6705.6
adbdb8,United States,68.13,762.0
abc107,United States,197.91,6499.86
600bbe,Azerbaijan,208.66,8907.78
010162,Egypt,111.87,1531.62
a1226e,United States,252.98,10355.58
010154,Egypt,263.54,10424.16
010153,Egypt,238.17,9464.04
801464,India,226.92,10713.72
a2ebd7,United States,42.82,1866.9
7c81e0,Australia,153.83,6035.04
a43eec,United States,9.77,
abd41a,United States,218.05,8717.28
aced2b,United States,237.27,12016.74
a43eea,United States,229.12,10165.08
a1d2dc,United States,263.87,10835.64
7c7aef,Australia,57.29,297.18
ab8469,United States,7.72,
a2ebbd,United States,248.89,10957.56
aa76cb,United States,241.86,9220.2
aced23,United States,10.29,
aced24,United States,214.41,7467.6
3444c4,Spain,233.9,11170.92
aaad78,United States,0.0,1866.9
a445d9,United States,155.81,4503.42
a23b6c,United States,9.77,
ac67fc,United States,246.81,9166.86
7c81d1,Australia,123.91,4488.18
c04e63,Canada,0.0,
ad0d3c,United States,234.4,12374.88
710120,Saudi Arabia,265.15,11696.7
aaad6d,United States,167.47,4625.34
c06878,Canada,47.74,815.34
add7dc,United States,226.03,11605.26
abe77a,United States,170.02,8122.92
4caaf1,Ireland,0.0,
aa6fcc,United States,54.69,1630.68
aa0300,United States,260.73,7635.24
4caada,Ireland,77.04,586.74
a79ea8,United States,239.61,10157.46
ac41ab,United States,198.08,11186.16
add7e6,United States,209.0,11109.96
aa1635,United States,2.57,
a4a8e5,United States,87.43,1752.6
aa6fca,United States,230.79,12740.64
ac078b,United States,81.8,861.06
ac4dfb,United States,269.89,10477.5
a55ed5,United States,123.98,2049.78
ac3adf,United States,203.47,5189.22
adbdc1,United States,224.21,10896.6
a8c802,United States,0.06,
a59b19,United States,166.4,4655.82
a3c549,United States,2.31,
a708b0,United States,253.34,10248.9
a3628b,United States,117.24,3512.82
a5fe17,United States,38.75,982.98
aaad8f,United States,228.15,10317.48
ac8a52,United States,67.19,754.38
a18403,United States,250.28,9593.58
adaac6,United States,144.33,1303.02
80148f,India,119.28,594.36
79a074,China,211.31,4442.46
a54bab,United States,212.43,11254.74
ad0d86,United States,129.29,2377.44
ac41ce,United States,214.65,11231.88
a24293,United States,42.1,396.24
a3627b,United States,83.99,2324.1
a4e538,United States,230.21,9601.2
a55ef3,United States,194.45,10523.22
a3d890,United States,179.05,8961.12
a708bf,United States,204.15,9601.2
a6e8ae,United States,226.46,11529.06
a9238a,United States,251.51,10279.38
80149a,India,124.07,3017.52
a54bba,United States,49.5,502.92
3c54a3,Germany,248.06,10424.16
acda41,United States,0.06,
aaa178,United States,10.29,
a36279,United States,0.0,
39d2ae,France,259.75,12085.32
a2b7c2,United States,85.88,1379.22
4d206e,Malta,286.72,10744.2
a1975a,United States,62.76,1889.76
adbe91,United States,237.05,10340.34
7c4753,Australia,71.83,
39d2ac,France,102.79,617.22
39d2ad,France,271.25,11094.72
4d206c,Malta,233.89,10767.06
ac3b8e,United States,53.39,548.64
a24dc1,United States,204.81,8404.86
a84b83,United States,57.29,1226.82
0c210e,Panama,234.18,9502.14
4081c0,United Kingdom,244.52,11689.08
adc571,United States,32.38,640.08
39d2b3,France,258.02,11018.52
a30d18,United States,179.47,4853.94
a04a49,United States,235.11,9403.08
a3271e,United States,231.52,11201.4
a1976b,United States,55.66,2910.84
a06461,United States,220.28,4023.36
a20761,United States,2.31,
a30d0d,United States,41.7,220.98
0d04df,Mexico,186.71,7056.12
8a023e,Indonesia,219.6,10690.86
4d204b,Malta,182.79,3429.0
aa0292,United States,138.77,1539.24
a922d6,United States,149.62,2910.84
a06435,United States,220.55,9875.52
8a0241,Indonesia,224.35,9151.62
aa027a,United States,125.87,5722.62
a96b65,United States,211.15,11506.2
a54d26,United States,49.52,906.78
a8ae7f,United States,231.76,11742.42
4d2068,Malta,174.86,4137.66
06a1e7,Qatar,282.79,10210.8
4d205c,Malta,260.22,8854.44
a97251,United States,220.07,10881.36
06a1e1,Qatar,5.4,
a8fbe8,United States,48.04,723.9
a9bb45,United States,230.46,10279.38
39d2a5,France,30.26,10927.08
39d2a7,France,272.26,11445.24
39d2a2,France,265.75,11666.22
a8c89c,United States,181.97,5730.24
a87898,United States,6.17,
8a021e,Indonesia,146.82,2773.68
c066fb,Canada,6.94,
0c2168,Panama,241.17,11803.38
7c4798,Australia,235.0,10195.56
a1c11a,United States,30.19,1348.74
c82a0c,New Zealand,83.07,2286.0
a35aae,United States,150.16,3329.94
4bb843,Turkey,208.19,11483.34
800bc4,India,236.39,12169.14
a60b77,United States,146.96,13578.84
a17140,United States,159.66,4678.68
c053e3,Canada,49.8,693.42
a1d44e,United States,250.92,12245.34
06a1ed,Qatar,199.98,3581.4
a7dbc1,United States,86.43,1310.64
a29d89,United States,2.57,
a9ce51,United States,58.3,1021.08
7c1a38,Australia,0.0,
a9854e,United States,249.84,12062.46
71145e,Saudi Arabia,276.14,11757.66
a28a2c,United States,1.29,
4bb856,Turkey,208.58,7482.84
a0faf3,United States,180.21,7147.56
aac71d,United States,246.95,8915.4
800bd4,India,138.53,1135.38
a1c10f,United States,285.16,12321.54
ab8411,United States,244.56,10591.8
a35ab8,United States,209.73,8458.2
a0516c,United States,78.06,3116.58
ab34a7,United States,64.01,144.78
4bb84b,Turkey,196.48,5455.92
4bb84c,Turkey,211.82,10081.26
a241c7,United States,30.15,30.48
a0fac3,United States,177.61,8679.18
7c7ab5,Australia,207.98,11597.64
a7a89d,United States,233.73,11224.26
7c7ab6,Australia,249.97,12504.42
c1e9e5,Canada,4.37,
7c7ab8,Australia,225.77,12230.1
3480ce,Spain,243.91,11308.08
7c1a29,Australia,206.82,8900.16
3480cc,Spain,231.02,11551.92
a9ce0f,United States,61.27,152.4
adb29c,United States,114.52,1173.48
c82a2d,New Zealand,69.96,2933.7
a24de8,United States,152.36,2225.04
7c7ab3,Australia,204.25,11330.94
a001cf,United States,112.43,1280.16
7c7aae,Australia,175.93,7993.38
a2b7cd,United States,240.44,10317.48
a98539,United States,287.07,10675.62
a0646b,United States,82.94,2621.28
a35aa4,United States,213.93,9654.54
7c7aa4,Australia,117.79,1554.48
7c7aa5,Australia,89.96,723.9
7c7aa6,Australia,258.06,11727.18
a001e7,United States,49.47,1394.46
7c7aa7,Australia,180.46,7482.84
a267f8,United States,52.39,2004.06
c1e9f8,Canada,1.8,
a8ae3e,United States,123.54,1135.38
407af3,United Kingdom,5.4,
a06484,United States,40.85,1958.34
4b18fe,Switzerland,276.91,
a17d89,United States,209.42,11346.18
7c7aa0,Australia,204.23,10774.68
7c7aa1,Australia,164.0,4191.0
7c4760,Australia,64.24,830.58
407af5,United Kingdom,240.37,10942.32
c053f6,Canada,175.34,2971.8
a6bbef,United States,230.86,8915.4
a254d7,United States,231.36,11460.48
a254d6,United States,242.36,10568.94
a6c2e4,United States,58.92,914.4
a4caba,United States,224.16,11490.96
aa01b3,United States,50.58,472.44
8515a2,Japan,0.0,
abf8e0,United States,212.72,11010.9
c01970,Canada,215.79,10393.68
a0291c,United States,75.97,1661.16
4cc52c,Iceland,230.72,7459.98
86e808,Japan,0.45,
acb82c,United States,0.0,
ad38bf,United States,227.78,7284.72
a494eb,United States,185.35,7261.86
a5b764,United States,178.79,5234.94
a2da60,United States,254.54,9806.94
aa5d60,United States,188.94,7155.18
c04cb8,Canada,140.47,6728.46
71bf41,Republic of Korea,236.6,8663.94
a8adb5,United States,39.08,1775.46
ad8836,United States,198.62,5562.6
a2da59,United States,222.57,7658.1
a1c14c,United States,0.06,
c066b6,Canada,221.73,9890.76
800bfb,India,243.96,11262.36
3c564f,Germany,238.41,7871.46
789286,China,3.86,
a67452,United States,157.84,3429.0
ab82b9,United States,2.83,
a31486,United States,63.11,259.08
789280,China,186.71,4236.72
4cc549,Iceland,215.66,11064.24
789285,China,110.15,1501.14
a494e9,United States,242.9,10187.94
c066dd,Canada,91.92,1097.28
c82a81,New Zealand,138.78,2849.88
ac3b32,United States,251.19,11605.26
800bcc,India,215.34,8382.0
78927f,China,183.97,3413.76
86e822,Japan,336.7,11948.16
4bb863,Turkey,208.8,10652.76
45ce57,Denmark,221.15,7094.22
ab355c,United States,251.62,9098.28
a91d07,United States,40.36,266.7
aa7757,United States,213.16,6515.1
abdee2,United States,68.76,419.1
45ce55,Denmark,236.24,9776.46
ac18fe,United States,0.0,
a5a455,United States,37.64,1287.78
4cc510,Iceland,211.85,8191.5
789293,China,168.06,9654.54
78928f,China,2.83,
a35ad3,United States,94.73,883.92
ad7528,United States,43.78,2971.8
c1e9b9,Canada,13.89,
a1d45a,United States,0.0,
4bb875,Turkey,253.82,10995.66
4bb873,Turkey,257.37,10995.66
a3144c,United States,36.44,434.34
a17170,United States,123.74,1714.5
a78116,United States,185.3,4282.44
a29d93,United States,169.65,9585.96
a1ba59,United States,73.58,411.48
a97da0,United States,183.33,8404.86
3cf3a4,Germany,12.86,
7c7b61,Australia,55.07,464.82
7c7b63,Australia,39.62,190.5
7c2bea,Australia,180.41,8084.82
a9d59f,United States,231.01,10546.08
adc532,United States,248.94,9982.2
ac4e85,United States,214.34,10492.74
a2b919,United States,236.42,11056.62
adc531,United States,216.38,10027.92
aa5d23,United States,219.26,10553.7
a339b4,United States,214.35,9906.0
4cc582,Iceland,237.6,11330.94
78929b,China,0.0,
a339b1,United States,246.86,10462.26
a3c4c1,United States,63.24,952.5
344649,Spain,184.38,9898.38
a6bd01,United States,231.01,12199.62
ac4237,United States,10.8,
ac5569,United States,64.03,236.22
abdeec,United States,208.31,5989.32
e94130,Bolivia,119.85,4762.5
ac3b51,United States,237.5,10248.9
ad8895,United States,12.35,
a00f60,United States,67.32,1051.56
504e86,Republic of Moldova,248.93,11673.84
8a028f,Indonesia,230.55,10698.48
c079a6,Canada,0.0,
c03a9e,Canada,53.54,998.22
a4f7cb,United States,204.98,8618.22
45ce47,Denmark,85.58,998.22
a05cc7,United States,127.07,2590.8
4cc57a,Iceland,245.61,10393.68
ae58f3,United States,58.36,472.44
acb878,United States,73.9,198.12
ac3b78,United States,179.54,3261.36
acb88c,United States,45.83,320.04
71bf33,Republic of Korea,109.94,1325.88
0100a7,Egypt,262.38,12344.4
0100a8,Egypt,63.28,403.86
a13608,United States,238.9,11529.06
a624ac,United States,0.0,
8a0289,Indonesia,134.99,1783.08
897003,Solomon Islands,246.1,10607.04
4cc54b,Iceland,119.57,3268.98
c066b0,Canada,228.17,10988.04
a66d33,United States,73.2,388.62
71bf29,Republic of Korea,255.03,8549.64
a3c4dc,United States,37.04,457.2
4cc570,Iceland,253.92,9669.78
a9bb80,United States,60.92,289.56
a2da6d,United States,243.55,13517.88
a60ab8,United States,225.97,5692.14
8a026b,Indonesia,234.65,11056.62
7c7b8f,Australia,5.92,
46b8a6,Greece,134.79,1691.64
abd2e6,United States,230.99,10629.9
ac425a,United States,216.84,6858.0
71bf17,Republic of Korea,78.94,
acdb7a,United States,88.69,1524.0
43f7e2,United Kingdom,127.98,11231.88
a61f08,United States,69.25,1394.46
a3bf1e,United States,207.85,12405.36
a24317,United States,250.32,12199.62
a196f3,United States,253.5,9761.22
a0acbb,United States,9.26,
a3761c,United States,194.27,9380.22
a6b174,United States,10.34,152.4
4b191c,Switzerland,184.49,6027.42
a12f73,United States,260.67,10645.14
4b191d,Switzerland,311.33,11079.48
a12f75,United States,258.27,10911.84
06a113,Qatar,252.32,9166.86
a2ffc2,United States,31.4,2865.12
a851f6,United States,38.35,-7.62
06a114,Qatar,246.87,7292.34
a3c60d,United States,9.77,
a35c0b,United States,0.0,
4b191b,Switzerland,245.67,9304.02
06a10f,Qatar,137.84,1043.94
c03064,Canada,7.72,
06a10e,Qatar,284.41,11856.72
a326b5,United States,4.37,
06a10a,Qatar,313.18,12969.24
801527,India,211.25,10980.42
e4a12b,Brazil,53.43,533.4
a7f79b,United States,215.17,7223.76
801532,India,6.17,
06a128,Qatar,323.25,11727.18
06a129,Qatar,271.02,10302.24
a851e2,United States,62.15,944.88
06a127,Qatar,291.22,10454.64
a51958,United States,240.39,10294.62
06a125,Qatar,215.58,12092.94
06a123,Qatar,219.73,4671.06
a699b0,United States,215.04,12199.62
a24f66,United States,45.27,259.08
a7816a,United States,209.77,8816.34
abc29a,United States,236.31,10523.22
a12f4c,United States,202.95,9372.6
06a11f,Qatar,223.49,6301.74
a7d182,United States,24.4,-22.86
06a11d,Qatar,247.14,7627.62
a8fd5a,United States,6.94,
780999,China,195.02,9662.16
86d68a,Japan,9.26,
a196c8,United States,237.0,12153.9
06a139,Qatar,284.41,11033.76
801502,India,189.12,11445.24
06a138,Qatar,278.94,11018.52
a51968,United States,237.8,11148.06
a92478,United States,139.0,1409.7
a2560b,United States,142.05,4960.62
a076f1,United States,172.39,3497.58
a60c09,United States,224.6,10264.14
7c47ba,Australia,145.31,2179.32
a87904,United States,82.83,693.42
aac7b1,United States,97.14,1905.0
a24304,United States,62.29,556.26
a12f70,United States,210.5,9006.84
a63952,United States,135.33,9387.84
a6b192,United States,49.14,716.28
a9e7fe,United States,59.77,906.78
a709b4,United States,50.29,1036.32
aafd11,United States,0.0,
a55fe9,United States,180.92,5067.3
a92481,United States,236.44,9418.32
adabfe,United States,242.12,8732.52
ab1d28,United States,207.57,10629.9
a91d8e,United States,99.95,1379.22
06a145,Qatar,205.15,4701.54
a8fd83,United States,26.85,1333.5
a13650,United States,213.02,11292.84
aac7ab,United States,258.56,11087.1
a13651,United States,268.44,11932.92
a611db,United States,0.45,
a984d4,United States,164.26,12138.66
4b9c25,Turkey,228.3,11544.3
a170d9,United States,210.77,10668.0
a9d4b5,United States,0.0,
71bf92,Republic of Korea,236.0,10812.78
71bf90,Republic of Korea,0.0,
a48321,United States,226.27,9799.32
86d61c,Japan,327.8,12153.9
a0acfd,United States,297.0,11780.52
ac5723,United States,237.68,10073.64
ab84a6,United States,40.85,266.7
ab97ca,United States,267.53,11109.96
06a153,Qatar,1.03,
a7946a,United States,171.7,3497.58
a6b12a,United States,111.15,4724.4
80155a,India,220.28,8671.56
a73dfe,United States,238.1,7543.8
a78d6b,United States,236.08,10774.68
86cf2b,Japan,188.61,8450.58
a91d78,United States,0.06,
c0301a,Canada,221.11,8130.54
7100bc,Saudi Arabia,199.65,9235.44
a5f1ca,United States,105.49,1767.84
7c6a58,Australia,108.77,5646.42
aaadc4,United States,44.54,274.32
a7f762,United States,213.05,10690.86
ab7dd6,United States,57.19,1341.12
48c225,Poland,162.34,5280.66
86d64b,Japan,182.88,10820.4
48c224,Poland,187.54,10789.92
06a15a,Qatar,211.98,8869.68
ad5d21,United States,58.9,243.84
ac5746,United States,199.98,10187.94
801546,India,250.12,11109.96
aca738,United States,12.39,99.06
abe7c5,United States,211.68,7947.66
80153b,India,3.86,
a851be,United States,234.88,8747.76
ad14a8,United States,196.98,4472.94
a1e6ce,United States,235.45,8488.68
80153e,India,132.52,1325.88
a97dcb,United States,217.56,11376.66
86cf4d,Japan,300.13,12512.04
ac07dc,United States,213.05,8755.38
a51928,United States,36.89,1668.78
801548,India,108.7,1645.92
ad14a0,United States,204.46,5935.98
801549,India,226.9,8557.26
a6b140,United States,31.59,800.1
7c1ac2,Australia,179.98,4884.42
a446aa,United States,11.32,
801554,India,256.99,10408.92
a66181,United States,9.77,
a446b6,United States,170.14,3825.24
a8b4c6,United States,205.55,7696.2
a851c3,United States,246.05,9829.8
7c1abb,Australia,231.64,9989.82
7c1abe,Australia,197.0,10949.94
7c1abd,Australia,158.36,3048.0
a55fa2,United States,223.02,9144.0
a0acf9,United States,218.12,9425.94
a91116,United States,33.44,213.36
a05e02,United States,208.46,11658.6
a816ca,United States,98.34,1104.9
4b9c63,Turkey,231.51,11018.52
abc201,United States,245.37,9342.12
a7f6c3,United States,119.5,1295.4
abd536,United States,215.08,8945.88
ad6ecd,United States,235.6,10980.42
ac086b,United States,252.66,11559.54
a300db,United States,203.66,8595.36
a2e0d1,United States,49.82,937.26
a3ac7a,United States,229.16,6385.56
a1c0ec,United States,253.9,8397.24
aaae5e,United States,65.07,3093.72
348249,Spain,214.86,9357.36
acee2f,United States,0.19,
80159e,India,245.27,9822.18
a9e93b,United States,2.06,320.04
aac87b,United States,149.96,3429.0
ac8b2e,United States,207.25,7825.74
a420af,United States,219.34,11285.22
aaae79,United States,213.05,8305.8
80159a,India,179.78,4930.14
a923a7,United States,228.94,8694.42
a35c97,United States,0.0,
a48356,United States,206.41,9265.92
a7a956,United States,74.6,30.48
abbb24,United States,226.95,11620.5
a97f4f,United States,42.2,106.68
aa9a30,United States,0.9,
a5e003,United States,246.01,8252.46
ac920a,United States,51.98,312.42
80156c,India,218.23,10157.46
ab1bf9,United States,6.43,
a1c0d5,United States,93.41,6324.6
a6d6ec,United States,97.1,3566.16
80156a,India,124.37,1836.42
a1238d,United States,51.18,1363.98
abd559,United States,71.0,45.72
a24370,United States,159.84,3779.52
a2a686,United States,205.92,10835.64
aa5de7,United States,52.88,1036.32
ace212,United States,46.2,1310.64
ac9e77,United States,68.1,68.58
ac55f3,United States,204.36,10591.8
c03019,Canada,217.22,12672.06
85186a,Japan,166.39,6065.52
a6b0a0,United States,41.27,1348.74
a35c6f,United States,63.3,655.32
a3b398,United States,125.53,2004.06
aa9a0a,United States,242.66,6233.16
86cea3,Japan,3.09,
86e8ac,Japan,65.8,60.96
c03001,Canada,111.26,1935.48
a72c50,United States,48.72,1143.0
a446eb,United States,212.68,11407.14
a1239d,United States,180.67,6621.78
a3b38c,United States,41.11,708.66
80157a,India,241.81,8907.78
801595,India,211.34,11239.5
abe892,United States,129.17,2247.9
acee50,United States,225.9,10683.24
a6cffc,United States,105.81,1981.2
ab7267,United States,236.6,6659.88
a2f3d4,United States,40.25,236.22
c006ec,Canada,178.45,10728.96
a4cc95,United States,199.49,6431.28
a2303f,United States,63.28,2918.46
7c47b9,Australia,1.29,
aa77e9,United States,123.6,2575.56
a4e62a,United States,45.25,1036.32
a3280a,United States,205.94,6629.4
a388a9,United States,0.0,
7c47aa,Australia,218.95,10934.7
acf54f,United States,167.88,2857.5
a73f35,United States,237.51,9509.76
a66ca5,United States,256.7,10591.8
a1ce16,United States,196.32,8138.16
ad2898,United States,235.48,12428.22
aa5dc5,United States,1.03,
a06539,United States,30.69,22.86
aaa267,United States,211.38,10706.1
a04b24,United States,73.06,350.52
a92fa3,United States,214.92,10751.82
ad1560,United States,249.72,10309.86
ac3beb,United States,234.17,6667.5
a3c662,United States,243.37,9174.48
adc5c2,United States,221.11,10614.66
a4d318,United States,111.02,1226.82
a19853,United States,54.73,1074.42
4d2041,Malta,255.37,12595.86
a9249c,United States,4.63,
a72c23,United States,57.95,335.28
c0561f,Canada,60.44,1127.76
406a03,United Kingdom,129.79,1943.1
a32800,United States,63.56,-22.86
c019eb,Canada,235.14,11513.82
a59007,United States,44.58,1203.96
aa77c0,United States,116.41,1432.56
a4e65b,United States,30.26,609.6
a87942,United States,5.66,
a949a1,United States,36.01,
c03c04,Canada,231.65,11955.78
c03c05,Canada,245.83,12138.66
a85f20,United States,236.8,10568.94
06a106,Qatar,209.04,5006.34
3c66b9,Germany,0.0,
06a105,Qatar,213.39,7741.92
06a103,Qatar,114.45,556.26
851848,Japan,0.0,
a85f29,United States,244.79,10759.44
a75966,United States,258.68,11612.88
a553ce,United States,229.45,9989.82
a96c96,United States,224.74,7780.02
c041fd,Canada,113.81,1485.9
7c1b28,Australia,84.76,2080.26
a8f0bd,United States,227.44,10088.88
4082e7,United Kingdom,127.92,1424.94
a32867,United States,5.14,
a0fbb7,United States,209.23,11178.54
a31533,United States,233.65,12131.04
adac5d,United States,213.74,9563.1
7892a6,China,211.62,7246.62
0d0ffe,Mexico,240.91,10995.66
0d0ffd,Mexico,167.99,5974.08
7c7ba1,Australia,30.39,259.08
a42e13,United States,231.12,9083.04
a3bebd,United States,187.53,13761.72
a17e6c,United States,28.07,1988.82
a242a8,United States,143.12,6164.58
ace0d2,United States,251.84,10386.06
c819de,New Zealand,119.83,7391.4
a12ee7,United States,169.55,2933.7
06a0b5,Qatar,153.92,2369.82
06a0b1,Qatar,101.17,754.38
ad639e,United States,217.28,10835.64
a1985e,United States,61.41,556.26
06a0b0,Qatar,292.48,11170.92
a2b8c5,United States,5.14,
a24ec1,United States,212.11,10698.48
c819e0,New Zealand,83.5,861.06
ac307a,United States,68.64,1333.5
a9b007,United States,64.79,213.36
a12ee0,United States,84.37,1752.6
440549,Austria,227.91,6736.08
c019a2,Canada,59.05,693.42
a8af9d,United States,6.43,
06a0be,Qatar,321.57,12885.42
adb35c,United States,249.11,11338.56
a36ea8,United States,206.46,8138.16
a388ae,United States,66.34,792.48
06a0bd,Qatar,211.48,10858.5
a56866,United States,243.78,9928.86
0c2046,Panama,208.46,7124.7
0c2045,Panama,7.72,
7c3581,Australia,46.43,998.22
8013c2,India,258.05,11003.28
a60c8c,United States,31.9,510.54
86e7bc,Japan,257.7,12047.22
758201,Philippines,234.61,8755.38
ab48cc,United States,241.03,8511.54
a28b5b,United States,192.68,4892.04
0c203a,Panama,223.68,11567.16
a9d63c,United States,49.7,571.5
a5e02d,United States,1.29,
abe80e,United States,135.86,2712.72
a9d640,United States,239.96,9646.92
a2e225,United States,4.12,
a1ce99,United States,248.58,10317.48
c806d6,New Zealand,44.67,632.46
680009,Bhutan,226.69,11597.64
ab48e8,United States,2.31,
680008,Bhutan,81.85,632.46
a30246,United States,204.55,10363.2
a3a086,United States,208.09,11247.12
aaae1b,United States,204.16,11193.78
a86674,United States,177.56,4892.04
a1bb3f,United States,42.05,152.4
ad507b,United States,48.46,1303.02
06a0e4,Qatar,186.82,13586.46
a3287f,United States,46.43,899.16
06a0e5,Qatar,275.97,10561.32
c041b9,Canada,246.57,10012.68
0d0fbf,Mexico,95.11,2705.1
a6c3ca,United States,214.58,11216.64
a8af98,United States,81.7,632.46
a78cfc,United States,227.35,9936.48
06a0dc,Qatar,94.96,114.3
a32893,United States,218.02,11010.9
a242c3,United States,235.91,10332.72
7c2e79,Australia,194.98,11750.04
06a0f9,Qatar,229.3,9791.7
ab8537,United States,227.67,7917.18
06a0f6,Qatar,250.99,11902.44
a362b2,United States,128.05,1882.14
7c7bce,Australia,261.56,11148.06
ab1bae,United States,88.19,2004.06
a32886,United States,31.38,
a1e892,United States,50.99,571.5
a936dc,United States,76.68,883.92
a495b4,United States,196.66,10980.42
abe82c,United States,151.42,1905.0
7c7bc6,Australia,210.26,12054.84
ab2ef2,United States,271.25,12298.68
a85368,United States,51.78,822.96
a8af5f,United States,228.24,9989.82
a5e070,United States,50.67,1318.26
a793fd,United States,210.25,9547.86
7c1b2a,Australia,52.81,601.98
a29e5c,United States,206.55,8900.16
800cc8,India,0.0,
c03af2,Canada,226.88,10668.0
abd50f,United States,145.79,2994.66
a04b92,United States,197.06,10492.74
0d0ff3,Mexico,176.92,5844.54
06a0ff,Qatar,273.95,12199.62
06a0fd,Qatar,229.18,7162.8
abbb03,United States,70.63,739.14
ad7634,United States,158.98,5791.2
3c4202,Germany,1.8,
ad1fcf,United States,127.38,3771.9
71c759,Republic of Korea,183.89,3375.66
a66233,United States,203.17,5958.84
7c7c9b,Australia,206.06,5532.12
acffbc,United States,249.08,9829.8
7c7c9c,Australia,258.26,11856.72
a66239,United States,294.36,11635.74
a60bcb,United States,152.91,3390.9
ac4f4c,United States,193.63,10622.28
4a1a62,Romania,206.05,10721.34
a8aebc,United States,297.02,15003.78
aa5237,United States,139.11,2583.18
3481d5,Spain,234.01,11140.44
ac9cb9,United States,35.6,2575.56
abf9f8,United States,210.81,11871.96
a865c8,United States,0.0,
a5fef4,United States,245.29,10949.94
a8fe2d,United States,81.13,320.04
a8b5ad,United States,185.52,5219.7
7c7051,Australia,57.53,320.04
a6623a,United States,167.74,11826.24
a7de30,United States,34.65,243.84
a66244,United States,225.74,12352.02
ab1019,United States,49.05,815.34
aa02ab,United States,112.88,891.54
c054b3,Canada,138.73,5143.5
acb953,United States,241.21,8602.98
88516c,Thailand,254.3,10393.68
a2e24d,United States,184.73,7025.64
c00757,Canada,148.55,2141.22
a66256,United States,208.04,11475.72
ab83e8,United States,212.23,10012.68
a1bb83,United States,228.43,8892.54
a4d2ec,United States,57.64,312.42
a28b91,United States,1.54,
ac4f6f,United States,243.97,8983.98
a65b64,United States,203.28,6499.86
abd3b2,United States,101.24,2788.92
7c7c98,Australia,177.02,6614.16
ad5c3a,United States,0.0,
ac300d,United States,210.81,10706.1
ac90a8,United States,231.58,8442.96
86d602,Japan,133.76,1554.48
ad5c30,United States,167.4,3512.82
a9250d,United States,235.75,7863.84
a47bd2,United States,57.8,1409.7
a2e235,United States,182.2,6606.54
a6d87f,United States,5.66,
ad5c38,United States,111.15,1737.36
acffe6,United States,83.02,2392.68
a7cb0b,United States,212.57,5349.24
abd3c7,United States,227.64,9570.72
7808b4,China,136.69,1805.94
a495e9,United States,0.0,
ac4f92,United States,208.32,6690.36
ab2372,United States,250.27,9982.2
407bc4,United Kingdom,276.6,11643.36
aa28f2,United States,271.13,11544.3
a0174e,United States,33.45,525.78
71c715,Republic of Korea,121.38,2453.64
71c713,Republic of Korea,1.54,
71c714,Republic of Korea,159.56,4739.64
ad6f93,United States,8.23,
ac3030,United States,193.02,8816.34
71c717,Republic of Korea,282.48,10995.66
a81832,United States,111.65,1150.62
4caa41,Ireland,215.79,12374.88
a11d24,United States,3.86,
a05dd8,United States,123.02,3078.48
a3fb37,United States,56.4,822.96
a6be24,United States,70.48,922.02
0ac9f2,Colombia,236.82,11399.52
a8180d,United States,208.8,11445.24
abc0c1,United States,216.24,10866.12
a66e3b,United States,185.41,10637.52
4caa58,Ireland,3.86,
add979,United States,156.98,5143.5
a81815,United States,194.99,5913.12
a1240a,United States,231.82,10043.16
a6be14,United States,29.32,
a2e28f,United States,83.98,937.26
a05ddc,United States,114.72,1722.12
7808d5,China,239.8,9060.18
76eb00,Singapore,,
a638f5,United States,0.51,403.86
451cc1,Bulgaria,238.5,11087.1
a3c5ea,United States,235.75,10698.48
a3abe2,United States,49.85,1104.9
4b1916,Switzerland,254.0,9304.02
a4deec,United States,77.67,830.58
4b1917,Switzerland,265.69,10850.88
4b1918,Switzerland,242.98,9761.22
a4227c,United States,56.59,1577.34
4b1919,Switzerland,189.1,7086.6
a8a391,United States,205.63,9364.98
a54e78,United States,141.97,8831.58
ac3053,United States,200.32,8275.32
a05db9,United States,51.58,2026.92
ad5c89,United States,0.06,
a7e509,United States,4.37,
7c4811,Australia,256.7,11125.2
75824e,Philippines,183.87,4160.52
a3c5fd,United States,85.94,830.58
a6c516,United States,206.3,13426.44
aa781f,United States,254.57,9982.2
8409ed,Japan,181.4,9509.76
710dbf,Saudi Arabia,205.09,9997.44
a9c380,United States,249.14,9845.04
a05dba,United States,259.31,9197.34
a05dbc,United States,0.06,
a9607d,United States,237.12,11178.54
c067ae,Canada,67.52,236.22
